test_id,gene_id,gene,locus,sample_1,sample_2,status,value_1,value_2,log2(fold_change),test_stat,p_value
XLOC_000020,XLOC_000020,-,LVA_000023-RA:175-2228,Cont,NaF,OK,7.84105,3.9852,-0.976393,-1.39265,0.02635
XLOC_000082,XLOC_000082,-,LVA_000087-RA:0-240,Cont,NaF,OK,43.6656,81.7563,0.904834,3.19719,0.03375
XLOC_000140,XLOC_000140,-,LVA_000141-RA:0-1408,Cont,NaF,OK,2.01331,5.32445,1.40306,1.59526,0.01845
XLOC_000146,XLOC_000146,-,LVA_000146-RA:1-2247,Cont,NaF,OK,9.74053,5.50156,-0.824159,-1.29416,0.03545
XLOC_000147,XLOC_000147,-,LVA_000147-RA:1-8523,Cont,NaF,OK,6.74064,3.05076,-1.14372,-1.67873,0.00415
XLOC_000148,XLOC_000148,-,LVA_000148-RA:73-2216,Cont,NaF,OK,3.29112,1.45309,-1.17945,-1.60395,0.01355
XLOC_000189,XLOC_000189,-,LVA_000205-RA:0-813,Cont,NaF,OK,5.87746,2.51044,-1.22725,-1.65728,0.027
XLOC_000232,XLOC_000232,-,LVA_000274-RA:1-4014,Cont,NaF,OK,7.65806,4.17657,-0.874661,-1.24149,0.0378
XLOC_000250,XLOC_000250,-,LVA_000294-RA:17-303,Cont,NaF,OK,35.3008,15.1379,-1.22154,-2.86144,0.0219
XLOC_000254,XLOC_000254,-,LVA_000297-RA:0-1464,Cont,NaF,OK,152.636,62.863,-1.27981,-1.89202,0.00355
XLOC_000265,XLOC_000265,-,LVA_000308-RA:57-169,Cont,NaF,OK,0,237.839,inf,nan,0.0022
XLOC_000268,XLOC_000268,-,LVA_000311-RA:0-2256,Cont,NaF,OK,3.17568,1.30385,-1.28429,-1.70821,0.0087
XLOC_000316,XLOC_000316,-,LVA_000366-RA:0-2608,Cont,NaF,OK,2.09051,0.806391,-1.3743,-1.52429,0.019
XLOC_000317,XLOC_000317,-,LVA_000366-RA:2774-4381,Cont,NaF,OK,2.26899,0.874594,-1.37537,-1.42041,0.03555
XLOC_000319,XLOC_000319,-,LVA_000368-RA:32-717,Cont,NaF,OK,11.0281,4.37366,-1.33427,-1.87425,0.0155
XLOC_000321,XLOC_000321,-,LVA_000370-RA:10069-14914,Cont,NaF,OK,6.86016,3.0414,-1.17351,-1.718,0.0051
XLOC_000348,XLOC_000348,-,LVA_000407-RA:0-754,Cont,NaF,OK,136.385,51.812,-1.39632,-2.46884,0.00055
XLOC_000356,XLOC_000356,-,LVA_000415-RA:11-2463,Cont,NaF,OK,10.2235,5.54344,-0.883031,-1.24713,0.04415
XLOC_000359,XLOC_000359,-,LVA_000418-RA:0-1360,Cont,NaF,OK,8.63932,2.98528,-1.53305,-2.07091,0.00315
XLOC_000360,XLOC_000360,-,LVA_000419-RA:0-1539,Cont,NaF,OK,5.47771,2.29515,-1.25498,-1.64993,0.01275
XLOC_000361,XLOC_000361,-,LVA_000420-RA:67-5623,Cont,NaF,OK,3.56529,1.39457,-1.3542,-1.70054,0.00655
XLOC_000390,XLOC_000390,-,LVA_000451-RA:27-787,Cont,NaF,OK,16.5738,9.38625,-0.820287,-1.4662,0.0469
XLOC_000489,XLOC_000489,-,LVA_000561-RA:533-1695,Cont,NaF,OK,1.43687,4.10998,1.5162,1.81094,0.0125
XLOC_000534,XLOC_000534,-,LVA_000608-RA:2634-3849,Cont,NaF,OK,4.49608,8.09563,0.848477,1.32187,0.0464
XLOC_000567,XLOC_000567,-,LVA_000642-RB:71-990,Cont,NaF,OK,12.5198,6.9394,-0.851331,-1.4001,0.04255
XLOC_000643,XLOC_000643,-,LVA_000753-RA:1-1986,Cont,NaF,OK,10.9167,4.41401,-1.30638,-1.89956,0.0027
XLOC_000746,XLOC_000746,-,LVA_000865-RA:0-5239,Cont,NaF,OK,21.1265,10.3775,-1.02559,-1.28811,0.0329
XLOC_000869,XLOC_000869,-,LVA_001036-RA:0-1131,Cont,NaF,OK,11.5591,20.8067,0.848028,1.38706,0.0347
XLOC_000887,XLOC_000887,-,LVA_001051-RA:1-931,Cont,NaF,OK,4.32148,2.05565,-1.07193,-1.4077,0.04745
XLOC_000889,XLOC_000889,-,LVA_001053-RA:0-251,Cont,NaF,OK,10403.8,3180.51,-1.70978,-4.20166,0.00515
XLOC_000939,XLOC_000939,-,LVA_001112-RA:0-937,Cont,NaF,OK,6.31902,2.79202,-1.17839,-1.65958,0.01965
XLOC_000940,XLOC_000940,-,LVA_001114-RA:0-779,Cont,NaF,OK,6.99436,2.86485,-1.28773,-1.72229,0.02365
XLOC_000956,XLOC_000956,-,LVA_001130-RA:88-288,Cont,NaF,OK,178.123,312.013,0.808729,4.21889,0.0371
XLOC_000985,XLOC_000985,-,LVA_001168-RA:0-4536,Cont,NaF,OK,12.7436,6.1235,-1.05735,-1.42402,0.01985
XLOC_000986,XLOC_000986,-,LVA_001168-RA:4637-6828,Cont,NaF,OK,17.96,9.50033,-0.918735,-1.34178,0.0319
XLOC_001000,XLOC_001000,-,LVA_001182-RA:0-320,Cont,NaF,OK,356.288,122.676,-1.53819,-4.58713,0.00065
XLOC_001001,XLOC_001001,-,LVA_001183-RA:0-411,Cont,NaF,OK,53.6873,25.8474,-1.05456,-1.94878,0.03515
XLOC_001163,XLOC_001163,-,LVA_001363-RA:0-273,Cont,NaF,OK,18.9543,45.6586,1.26836,3.3076,0.0126
XLOC_001197,XLOC_001197,-,LVA_001401-RA:0-11892,Cont,NaF,OK,9.9037,4.44617,-1.1554,-1.59774,0.0062
XLOC_001213,XLOC_001213,-,LVA_001421-RA:1859-3877,Cont,NaF,OK,1.89452,0.904337,-1.0669,-1.27163,0.04515
XLOC_001257,XLOC_001257,-,LVA_001462-RA:0-8157,Cont,NaF,OK,4.63104,2.3894,-0.954685,-1.24578,0.03565
XLOC_001336,XLOC_001336,-,LVA_001542-RA:1-1447,Cont,NaF,OK,2.39659,0.874812,-1.45394,-1.64106,0.0163
XLOC_001337,XLOC_001337,-,LVA_001543-RA:33-3644,Cont,NaF,OK,2.6405,0.972296,-1.44135,-1.95384,0.0022
XLOC_001339,XLOC_001339,-,LVA_001545-RA:4-1094,Cont,NaF,OK,4.03604,1.32644,-1.60538,-1.92687,0.00925
XLOC_001501,XLOC_001501,-,LVA_001738-RA:1-4137,Cont,NaF,OK,2.75843,1.41053,-0.967608,-1.31477,0.03075
XLOC_001545,XLOC_001545,-,LVA_001782-RA:0-532,Cont,NaF,OK,13.7431,5.50225,-1.32062,-2.07489,0.01645
XLOC_001580,XLOC_001580,-,LVA_001817-RA:1-7863,Cont,NaF,OK,2.28969,1.05385,-1.11948,-1.36665,0.0237
XLOC_001591,XLOC_001591,-,LVA_001829-RA:0-600,Cont,NaF,OK,15.8441,7.13243,-1.15148,-1.65344,0.0412
XLOC_001724,XLOC_001724,-,LVA_001997-RA:14-3624,Cont,NaF,OK,4.14647,1.8128,-1.19366,-1.7936,0.00345
XLOC_001772,XLOC_001772,-,LVA_002048-RA:0-372,Cont,NaF,OK,217.676,57.2436,-1.92699,-4.34652,5.00E-05
XLOC_001773,XLOC_001773,-,LVA_002049-RA:0-381,Cont,NaF,OK,30.3013,9.03282,-1.74613,-3.22597,0.001
XLOC_001883,XLOC_001883,-,LVA_002189-RA:16-549,Cont,NaF,OK,5.23879,1.8045,-1.53763,-1.83249,0.03775
XLOC_001887,XLOC_001887,-,LVA_002192-RA:2-708,Cont,NaF,OK,3.20907,1.10906,-1.53282,-1.57983,0.0466
XLOC_001891,XLOC_001891,-,LVA_002196-RA:0-9111,Cont,NaF,OK,2.50078,1.21903,-1.03665,-1.32293,0.02715
XLOC_002015,XLOC_002015,-,LVA_002331-RA:0-3117,Cont,NaF,OK,77.2946,168.142,1.12124,1.26347,0.04365
XLOC_002017,XLOC_002017,-,LVA_002332-RA:0-960,Cont,NaF,OK,17.4763,45.0225,1.36524,2.10024,0.0043
XLOC_002018,XLOC_002018,-,LVA_002333-RA:42-3273,Cont,NaF,OK,11.0072,36.8478,1.74313,2.56118,5.00E-05
XLOC_002208,XLOC_002208,-,LVA_002536-RA:1-2485,Cont,NaF,OK,22.4745,13.1393,-0.7744,-1.22299,0.0462
XLOC_002237,XLOC_002237,-,LVA_002569-RA:0-7656,Cont,NaF,OK,5.65768,2.80618,-1.01161,-1.44843,0.0152
XLOC_002253,XLOC_002253,-,LVA_002589-RA:56-2736,Cont,NaF,OK,19.0905,10.428,-0.87239,-1.22526,0.04505
XLOC_002281,XLOC_002281,-,LVA_002632-RA:0-879,Cont,NaF,OK,40.0267,8.87063,-2.17385,-3.39824,5.00E-05
XLOC_002282,XLOC_002282,-,LVA_002633-RA:0-312,Cont,NaF,OK,319.408,108.271,-1.56075,-4.11969,0.00035
XLOC_002283,XLOC_002283,-,LVA_002634-RA:0-411,Cont,NaF,OK,107.487,32.1096,-1.74308,-3.98078,5.00E-05
XLOC_002310,XLOC_002310,-,LVA_002669-RA:15-1684,Cont,NaF,OK,24.1937,14.7024,-0.718581,-1.24239,0.0476
XLOC_002319,XLOC_002319,-,LVA_002677-RA:8-1945,Cont,NaF,OK,2.70122,1.40861,-0.939343,-1.25669,0.0484
XLOC_002373,XLOC_002373,-,LVA_002733-RA:1-810,Cont,NaF,OK,9.52301,4.57824,-1.05662,-1.5732,0.0334
XLOC_002378,XLOC_002378,-,LVA_002738-RA:0-1338,Cont,NaF,OK,10.5088,4.94957,-1.08622,-1.57326,0.01695
XLOC_002380,XLOC_002380,-,LVA_002740-RA:0-654,Cont,NaF,OK,12.6487,5.48672,-1.20498,-1.93791,0.0124
XLOC_002396,XLOC_002396,-,LVA_002758-RA:29-936,Cont,NaF,OK,2.61218,0.746322,-1.80738,-1.69145,0.03115
XLOC_002436,XLOC_002436,-,LVA_002812-RA:43-2333,Cont,NaF,OK,7.14349,4.08303,-0.806988,-1.2384,0.0422
XLOC_002516,XLOC_002516,-,LVA_002905-RA:0-603,Cont,NaF,OK,16.8509,41.1833,1.28923,2.39318,0.00175
XLOC_002517,XLOC_002517,-,LVA_002906-RA:0-571,Cont,NaF,OK,15.298,33.8876,1.14742,2.03617,0.0104
XLOC_002530,XLOC_002530,-,LVA_002921-RA:0-1611,Cont,NaF,OK,13.3858,6.94676,-0.946291,-1.42414,0.0267
XLOC_002652,XLOC_002652,-,LVA_003093-RA:31-6981,Cont,NaF,OK,9.62679,5.49868,-0.80797,-1.16844,0.0474
XLOC_002760,XLOC_002760,-,LVA_003218-RA:1-584,Cont,NaF,OK,3.6156,0.719591,-2.32899,-1.90069,0.04855
XLOC_002860,XLOC_002860,-,LVA_003322-RA:0-3783,Cont,NaF,OK,45.5859,24.9352,-0.870403,-1.31759,0.02735
XLOC_003008,XLOC_003008,-,LVA_003487-RA:1434-4398,Cont,NaF,OK,2.05308,1.00184,-1.03514,-1.33353,0.032
XLOC_003080,XLOC_003080,-,LVA_003569-RA:43-272,Cont,NaF,OK,48.4589,93.2372,0.944144,3.37931,0.0359
XLOC_003099,XLOC_003099,-,LVA_003596-RA:0-5317,Cont,NaF,OK,21.7245,10.8228,-1.00525,-1.53058,0.01
XLOC_003100,XLOC_003100,-,LVA_003597-RA:134-558,Cont,NaF,OK,30.6262,15.0192,-1.02796,-2.11189,0.02125
XLOC_003138,XLOC_003138,-,LVA_003640-RA:0-957,Cont,NaF,OK,25.5657,13.6987,-0.900169,-1.48291,0.03195
XLOC_003174,XLOC_003174,-,LVA_003682-RA:1-452,Cont,NaF,OK,14.6791,4.82508,-1.60514,-2.4341,0.01025
XLOC_003176,XLOC_003176,-,LVA_003684-RA:0-295,Cont,NaF,OK,13.9744,4.32113,-1.69331,-2.73442,0.0336
XLOC_003177,XLOC_003177,-,LVA_003685-RA:1-314,Cont,NaF,OK,13.1868,4.67627,-1.49566,-2.40159,0.0461
XLOC_003179,XLOC_003179,-,LVA_003687-RA:2-1076,Cont,NaF,OK,7.54739,2.76064,-1.45098,-1.86477,0.0076
XLOC_003284,XLOC_003284,-,LVA_003814-RA:12-2040,Cont,NaF,OK,3.9401,1.63412,-1.26972,-1.72312,0.00675
XLOC_003383,XLOC_003383,-,LVA_003933-RA:44-1614,Cont,NaF,OK,4.33805,1.40115,-1.63044,-2.07969,0.0032
XLOC_003422,XLOC_003422,-,LVA_003977-RA:0-321,Cont,NaF,OK,95.868,180.376,0.91189,2.5645,0.0185
XLOC_003439,XLOC_003439,-,LVA_003997-RA:0-215,Cont,NaF,OK,584.134,1014.84,0.796875,6.78757,0.03885
XLOC_003449,XLOC_003449,-,LVA_004019-RA:0-1285,Cont,NaF,OK,32.1814,67.7805,1.07464,1.88416,0.00415
XLOC_003452,XLOC_003452,-,LVA_004022-RA:79-1294,Cont,NaF,OK,1.37708,0.307164,-2.16453,-1.71476,0.0337
XLOC_003490,XLOC_003490,-,LVA_004077-RA:3-825,Cont,NaF,OK,7.03346,3.56994,-0.978335,-1.42769,0.04765
XLOC_003492,XLOC_003492,-,LVA_004079-RA:0-236,Cont,NaF,OK,52.3644,25.4994,-1.03812,-3.19464,0.04405
XLOC_003632,XLOC_003632,-,LVA_004240-RA:25-8247,Cont,NaF,OK,11.9801,6.00236,-0.997041,-1.30551,0.02605
XLOC_003636,XLOC_003636,-,LVA_004242-RA:0-777,Cont,NaF,OK,360.431,147.318,-1.29079,-1.90142,0.00805
XLOC_003637,XLOC_003637,-,LVA_004243-RA:0-717,Cont,NaF,OK,358.547,145.279,-1.30334,-2.00592,0.00655
XLOC_003638,XLOC_003638,-,LVA_004244-RA:0-299,Cont,NaF,OK,25.7287,9.35885,-1.45897,-2.9606,0.01965
XLOC_003640,XLOC_003640,-,LVA_004244-RA:2139-5292,Cont,NaF,OK,185.281,70.6393,-1.39117,-1.57406,0.0107
XLOC_003639,XLOC_003639,-,LVA_004244-RA:361-1836,Cont,NaF,OK,7.93738,2.68906,-1.56156,-2.042,0.0035
XLOC_003656,XLOC_003656,-,LVA_004261-RA:0-6083,Cont,NaF,OK,11.0886,6.20194,-0.838286,-1.16576,0.0473
XLOC_003733,XLOC_003733,-,LVA_004357-RA:5617-6923,Cont,NaF,OK,1.03465,0.166253,-2.63769,-1.6581,0.046
XLOC_003962,XLOC_003962,-,LVA_004607-RA:0-630,Cont,NaF,OK,267.465,87.1255,-1.61818,-2.97083,0.0001
XLOC_003986,XLOC_003986,-,LVA_004629-RA:366-1926,Cont,NaF,OK,5.75572,3.05973,-0.911594,-1.37881,0.03655
XLOC_004009,XLOC_004009,-,LVA_004657-RA:77-1302,Cont,NaF,OK,1.20993,2.902,1.26212,1.46222,0.03435
XLOC_004012,XLOC_004012,-,LVA_004661-RA:0-3117,Cont,NaF,OK,6.29486,3.57613,-0.815777,-1.24886,0.0372
XLOC_004110,XLOC_004110,-,LVA_004772-RA:64-281,Cont,NaF,OK,22.7344,52.212,1.1995,3.88605,0.0306
XLOC_004135,XLOC_004135,-,LVA_004800-RA:110-1659,Cont,NaF,OK,6.11649,2.98749,-1.03377,-1.47372,0.02185
XLOC_004173,XLOC_004173,-,LVA_004842-RA:4-1662,Cont,NaF,OK,5.16969,2.41609,-1.0974,-1.50104,0.019
XLOC_004323,XLOC_004323,-,LVA_005008-RA:2-960,Cont,NaF,OK,4.3041,8.67876,1.01178,1.51006,0.03145
XLOC_004373,XLOC_004373,-,LVA_005073-RA:2-604,Cont,NaF,OK,2.67868,7.27458,1.44134,1.97629,0.01635
XLOC_004426,XLOC_004426,-,LVA_005142-RA:0-629,Cont,NaF,OK,6.42238,13.1361,1.03236,1.6619,0.03305
XLOC_004500,XLOC_004500,-,LVA_005226-RA:20-1230,Cont,NaF,OK,11.0872,27.3018,1.3001,2.01067,0.0021
XLOC_004602,XLOC_004602,-,LVA_005353-RA:2-2242,Cont,NaF,OK,12.2495,6.69133,-0.872355,-1.3021,0.0341
XLOC_004603,XLOC_004603,-,LVA_005354-RA:0-1849,Cont,NaF,OK,10.0199,5.34376,-0.906937,-1.3374,0.0331
XLOC_004636,XLOC_004636,-,LVA_005401-RA:13-4728,Cont,NaF,OK,2.37727,1.34306,-0.823782,-1.202,0.0443
XLOC_004653,XLOC_004653,-,LVA_005425-RA:18-4451,Cont,NaF,OK,3.14827,1.57064,-1.00321,-1.28435,0.03595
XLOC_004814,XLOC_004814,-,LVA_005617-RA:234-2624,Cont,NaF,OK,1.37847,0.301688,-2.19194,-2.06969,0.00655
XLOC_004827,XLOC_004827,-,LVA_005625-RA:0-176,Cont,NaF,OK,68.8511,131.716,0.935877,5.51339,0.0495
XLOC_005042,XLOC_005042,-,LVA_005872-RA:2-813,Cont,NaF,OK,16.1466,7.02951,-1.19973,-1.81677,0.01455
XLOC_005092,XLOC_005092,-,LVA_005937-RA:64-2646,Cont,NaF,OK,2.90646,1.36185,-1.0937,-1.48818,0.0173
XLOC_005122,XLOC_005122,-,LVA_005973-RA:0-2655,Cont,NaF,OK,34.7517,19.2406,-0.852931,-1.40007,0.0202
XLOC_005147,XLOC_005147,-,LVA_006001-RA:41-5781,Cont,NaF,OK,3.09833,1.57488,-0.976253,-1.28178,0.0319
XLOC_005177,XLOC_005177,-,LVA_006033-RA:40-487,Cont,NaF,OK,4.81229,1.10724,-2.11975,-2.12628,0.0437
XLOC_005240,XLOC_005240,-,LVA_006111-RA:0-2010,Cont,NaF,OK,1.08441,0.400357,-1.43755,-1.34113,0.048
XLOC_005293,XLOC_005293,-,LVA_006180-RA:32-711,Cont,NaF,OK,6.99365,3.14145,-1.15462,-1.60285,0.0394
XLOC_005363,XLOC_005363,-,LVA_006263-RA:1-2193,Cont,NaF,OK,1.9673,0.796123,-1.30516,-1.45435,0.02465
XLOC_005381,XLOC_005381,-,LVA_006282-RA:7-6234,Cont,NaF,OK,2.12877,1.09849,-0.954495,-1.42256,0.0173
XLOC_005475,XLOC_005475,-,LVA_006405-RA:0-1749,Cont,NaF,OK,60.5959,169.754,1.48616,1.34836,0.03935
XLOC_005514,XLOC_005514,-,LVA_006464-RA:2-1524,Cont,NaF,OK,3.5961,1.65684,-1.118,-1.40449,0.03295
XLOC_005525,XLOC_005525,-,LVA_006477-RA:1-3888,Cont,NaF,OK,3.63129,1.23543,-1.55546,-1.89949,0.00245
XLOC_005577,XLOC_005577,-,LVA_006525-RA:0-3447,Cont,NaF,OK,5.42132,3.07991,-0.815757,-1.24896,0.03615
XLOC_005620,XLOC_005620,-,LVA_006584-RA:2-2154,Cont,NaF,OK,3.01575,0.710001,-2.08662,-2.14254,0.0016
XLOC_005621,XLOC_005621,-,LVA_006585-RA:0-575,Cont,NaF,OK,3.93165,0.924132,-2.08896,-1.9632,0.0351
XLOC_005630,XLOC_005630,-,LVA_006594-RA:1-1304,Cont,NaF,OK,1.98193,0.603681,-1.71505,-1.64323,0.02495
XLOC_005677,XLOC_005677,-,LVA_006654-RA:44-927,Cont,NaF,OK,8.03488,14.2525,0.826863,1.39737,0.0448
XLOC_005754,XLOC_005754,-,LVA_006750-RA:12-2012,Cont,NaF,OK,2.47566,1.15486,-1.1001,-1.33824,0.0366
XLOC_005831,XLOC_005831,-,LVA_006836-RA:13-4245,Cont,NaF,OK,6.84876,3.43397,-0.995965,-1.40659,0.01955
XLOC_005931,XLOC_005931,-,LVA_006962-RA:43-886,Cont,NaF,OK,6.0835,3.02863,-1.00624,-1.43626,0.0442
XLOC_005951,XLOC_005951,-,LVA_006978-RA:0-3351,Cont,NaF,OK,11.6868,6.26513,-0.899463,-1.37268,0.02165
XLOC_005983,XLOC_005983,-,LVA_007021-RA:0-3528,Cont,NaF,OK,9.64009,5.1654,-0.900166,-1.45436,0.01515
XLOC_006051,XLOC_006051,-,LVA_007096-RA:63-3123,Cont,NaF,OK,6.98447,2.85611,-1.2901,-1.84252,0.0025
XLOC_006075,XLOC_006075,-,LVA_007124-RA:67-2139,Cont,NaF,OK,3.76396,1.77227,-1.08665,-1.48278,0.0193
XLOC_006127,XLOC_006127,-,LVA_007184-RA:0-849,Cont,NaF,OK,13.2919,22.4705,0.757489,1.38912,0.04665
XLOC_006348,XLOC_006348,-,LVA_007450-RA:42-238,Cont,NaF,OK,60.9193,118.826,0.963885,4.3381,0.04205
XLOC_006365,XLOC_006365,-,LVA_007471-RA:0-1171,Cont,NaF,OK,63.6257,26.5573,-1.2605,-2.1055,0.00185
XLOC_006366,XLOC_006366,-,LVA_007471-RA:1260-2312,Cont,NaF,OK,57.4058,27.9696,-1.03734,-1.73282,0.00935
XLOC_006367,XLOC_006367,-,LVA_007471-RA:2420-2581,Cont,NaF,OK,80.6442,23.5523,-1.7757,-9.14627,0.0255
XLOC_006370,XLOC_006370,-,LVA_007474-RA:16-4818,Cont,NaF,OK,1.14677,0.569725,-1.00924,-1.2533,0.0396
XLOC_006408,XLOC_006408,-,LVA_007521-RA:0-1677,Cont,NaF,OK,8.25072,4.20268,-0.973211,-1.40886,0.0273
XLOC_006459,XLOC_006459,-,LVA_007580-RA:163-1345,Cont,NaF,OK,20.9558,11.7985,-0.828742,-1.42644,0.0297
XLOC_006557,XLOC_006557,-,LVA_007707-RA:0-626,Cont,NaF,OK,27.669,47.2734,0.772756,1.54613,0.0395
XLOC_006637,XLOC_006637,-,LVA_007810-RA:0-686,Cont,NaF,OK,7.91651,14.3806,0.861185,1.45867,0.05005
XLOC_006700,XLOC_006700,-,LVA_007886-RA:0-8710,Cont,NaF,OK,6.79566,3.43594,-0.983907,-1.30359,0.0272
XLOC_006915,XLOC_006915,-,LVA_008162-RA:44-2586,Cont,NaF,OK,185.496,421.009,1.18246,1.49813,0.01455
XLOC_007053,XLOC_007053,-,LVA_008318-RA:21-232,Cont,NaF,OK,0,3.52003,inf,nan,0.00585
XLOC_007103,XLOC_007103,-,LVA_008382-RA:0-2280,Cont,NaF,OK,12.5002,5.82253,-1.10224,-1.66324,0.0081
XLOC_007194,XLOC_007194,-,LVA_008516-RA:0-2978,Cont,NaF,OK,3.17621,1.51391,-1.06903,-1.42388,0.0208
XLOC_007288,XLOC_007288,-,LVA_008629-RA:0-248,Cont,NaF,OK,6.98298,21.138,1.59792,3.40564,0.02785
XLOC_007422,XLOC_007422,-,LVA_008784-RA:0-1290,Cont,NaF,OK,3.86022,6.99342,0.857314,1.32742,0.04725
XLOC_007458,XLOC_007458,-,LVA_008830-RA:0-2438,Cont,NaF,OK,5.21951,2.16579,-1.26902,-1.78779,0.00425
XLOC_007646,XLOC_007646,-,LVA_009055-RA:0-375,Cont,NaF,OK,679.312,165.435,-2.03781,-4.71067,5.00E-05
XLOC_007647,XLOC_007647,-,LVA_009056-RA:0-363,Cont,NaF,OK,207.527,67.4116,-1.62223,-3.90371,5.00E-05
XLOC_007648,XLOC_007648,-,LVA_009057-RA:0-330,Cont,NaF,OK,47.1851,82.4154,0.804582,2.16233,0.04125
XLOC_007699,XLOC_007699,-,LVA_009106-RA:2-1794,Cont,NaF,OK,11.8238,6.09913,-0.955015,-1.42197,0.0222
XLOC_007737,XLOC_007737,-,LVA_009149-RA:0-4713,Cont,NaF,OK,6.54719,3.56692,-0.876196,-1.32381,0.0258
XLOC_007758,XLOC_007758,-,LVA_009174-RA:42-2157,Cont,NaF,OK,5.65782,2.40057,-1.23687,-1.83203,0.0039
XLOC_007924,XLOC_007924,-,LVA_009371-RA:0-2574,Cont,NaF,OK,8.42366,4.24865,-0.987442,-1.37075,0.0248
XLOC_007976,XLOC_007976,-,LVA_009436-RA:2-2163,Cont,NaF,OK,19.3068,9.76201,-0.983863,-1.35024,0.0291
XLOC_008025,XLOC_008025,-,LVA_009495-RA:1-1394,Cont,NaF,OK,1.78097,0.679052,-1.39107,-1.37091,0.04715
XLOC_008026,XLOC_008026,-,LVA_009496-RA:0-3836,Cont,NaF,OK,4.33029,1.8863,-1.19891,-1.50439,0.01445
XLOC_008122,XLOC_008122,-,LVA_009616-RA:0-738,Cont,NaF,OK,3.87841,8.56635,1.14322,1.59919,0.03155
XLOC_008176,XLOC_008176,-,LVA_009679-RA:142-1197,Cont,NaF,OK,4.72281,2.04467,-1.20778,-1.41848,0.04825
XLOC_008201,XLOC_008201,-,LVA_009705-RA:67-216,Cont,NaF,OK,143.65,286.285,0.994893,9.53089,0.0437
XLOC_008358,XLOC_008358,-,LVA_009898-RA:0-3636,Cont,NaF,OK,10.1171,5.39626,-0.906758,-1.47204,0.0145
XLOC_008440,XLOC_008440,-,LVA_009991-RA:0-2064,Cont,NaF,OK,262.46,125.992,-1.05876,-1.36762,0.0298
XLOC_008441,XLOC_008441,-,LVA_009991-RB:23-2694,Cont,NaF,OK,317.654,149.173,-1.09046,-1.30248,0.0335
XLOC_008442,XLOC_008442,-,LVA_009992-RA:0-948,Cont,NaF,OK,235.568,109.649,-1.10325,-1.4408,0.0126
XLOC_008443,XLOC_008443,-,LVA_009993-RA:0-978,Cont,NaF,OK,438.196,186.815,-1.22997,-1.8247,0.00865
XLOC_008444,XLOC_008444,-,LVA_009994-RA:1-2271,Cont,NaF,OK,125.371,43.4772,-1.52787,-2.14261,0.0008
XLOC_008445,XLOC_008445,-,LVA_009995-RA:0-324,Cont,NaF,OK,70.3549,21.8562,-1.68661,-3.98237,0.0007
XLOC_008458,XLOC_008458,-,LVA_010007-RA:4-3201,Cont,NaF,OK,41.0827,23.0704,-0.832489,-1.30243,0.0292
XLOC_008807,XLOC_008807,-,LVA_010436-RA:40-5158,Cont,NaF,OK,3.52292,1.07705,-1.70968,-1.47423,0.01565
XLOC_008808,XLOC_008808,-,LVA_010437-RA:0-1356,Cont,NaF,OK,9.54896,4.53289,-1.07491,-1.49336,0.02495
XLOC_008809,XLOC_008809,-,LVA_010438-RA:0-3620,Cont,NaF,OK,17.7334,9.05293,-0.970015,-1.29369,0.0331
XLOC_008930,XLOC_008930,-,LVA_010575-RA:0-849,Cont,NaF,OK,125.719,61.5631,-1.03007,-1.89656,0.00695
XLOC_008979,XLOC_008979,-,LVA_010631-RA:51-416,Cont,NaF,OK,0,1.72968,inf,nan,0.0011
XLOC_009048,XLOC_009048,-,LVA_010718-RA:0-2125,Cont,NaF,OK,1.41677,0.404517,-1.80834,-1.64353,0.01885
XLOC_009091,XLOC_009091,-,LVA_010768-RA:0-566,Cont,NaF,OK,19.1642,10.2353,-0.904866,-1.59687,0.04415
XLOC_009126,XLOC_009126,-,LVA_010803-RA:3-201,Cont,NaF,OK,187.445,319.106,0.767572,4.22464,0.04195
XLOC_009155,XLOC_009155,-,LVA_010835-RA:3-972,Cont,NaF,OK,8.8414,4.72066,-0.905287,-1.36373,0.0494
XLOC_009165,XLOC_009165,-,LVA_010849-RA:0-825,Cont,NaF,OK,37.8152,20.2959,-0.89778,-1.42185,0.0447
XLOC_009166,XLOC_009166,-,LVA_010850-RA:0-4785,Cont,NaF,OK,39.7191,18.0256,-1.13979,-1.47515,0.01275
XLOC_009167,XLOC_009167,-,LVA_010851-RA:0-1536,Cont,NaF,OK,19.816,8.91473,-1.1524,-1.67326,0.0124
XLOC_009169,XLOC_009169,-,LVA_010853-RA:0-1668,Cont,NaF,OK,17.6396,8.34972,-1.07902,-1.56255,0.0155
XLOC_009300,XLOC_009300,-,LVA_011017-RA:24-8013,Cont,NaF,OK,20.6681,10.7452,-0.943713,-1.22657,0.03575
XLOC_009335,XLOC_009335,-,LVA_011053-RA:474-1008,Cont,NaF,OK,0,1.13168,inf,nan,0.0001
XLOC_009338,XLOC_009338,-,LVA_011055-RA:0-579,Cont,NaF,OK,42.1142,21.5707,-0.965234,-1.91591,0.01345
XLOC_009339,XLOC_009339,-,LVA_011056-RA:0-1901,Cont,NaF,OK,22.1425,11.9714,-0.887229,-1.44828,0.02205
XLOC_009450,XLOC_009450,-,LVA_011185-RA:3-519,Cont,NaF,OK,100.389,26.6735,-1.91212,-3.65075,5.00E-05
XLOC_009495,XLOC_009495,-,LVA_011238-RA:0-312,Cont,NaF,OK,518.573,175.874,-1.56001,-4.10474,0.00065
XLOC_009496,XLOC_009496,-,LVA_011239-RA:0-411,Cont,NaF,OK,103.323,34.3523,-1.58868,-3.16003,0.0006
XLOC_009572,XLOC_009572,-,LVA_011337-RA:11-233,Cont,NaF,OK,476.613,848.94,0.832845,3.73288,0.02475
XLOC_009584,XLOC_009584,-,LVA_011351-RA:76-1548,Cont,NaF,OK,3.65611,6.72994,0.880285,1.32221,0.0386
XLOC_009693,XLOC_009693,-,LVA_011488-RA:794-4821,Cont,NaF,OK,3.83751,1.82149,-1.07505,-1.3849,0.02335
XLOC_009698,XLOC_009698,-,LVA_011494-RA:0-3371,Cont,NaF,OK,2.55461,1.1966,-1.09417,-1.4527,0.01675
XLOC_009780,XLOC_009780,-,LVA_011586-RA:0-447,Cont,NaF,OK,12.7552,26.7919,1.07071,2.12028,0.01575
XLOC_010027,XLOC_010027,-,LVA_011913-RA:0-252,Cont,NaF,OK,37.2123,78.9328,1.08485,3.59666,0.0126
XLOC_010030,XLOC_010030,-,LVA_011916-RA:0-4260,Cont,NaF,OK,109.584,39.095,-1.48699,-1.71799,0.00395
XLOC_010051,XLOC_010051,-,LVA_011941-RA:1675-2711,Cont,NaF,OK,7.30582,3.40336,-1.10209,-1.50403,0.02915
XLOC_010142,XLOC_010142,-,LVA_012044-RA:0-3194,Cont,NaF,OK,11.3576,5.30008,-1.09958,-1.75237,0.0046
XLOC_010143,XLOC_010143,-,LVA_012044-RA:3249-6550,Cont,NaF,OK,6.82685,2.99594,-1.18821,-1.69661,0.00585
XLOC_010217,XLOC_010217,-,LVA_012129-RA:5-7699,Cont,NaF,OK,5.95484,3.19513,-0.898189,-1.20692,0.04325
XLOC_010265,XLOC_010265,-,LVA_012197-RA:0-3582,Cont,NaF,OK,13.2165,7.528,-0.812002,-1.30369,0.02825
XLOC_010321,XLOC_010321,-,LVA_012274-RA:119-3254,Cont,NaF,OK,5.1992,2.53809,-1.03455,-1.49445,0.01495
XLOC_010394,XLOC_010394,-,LVA_012355-RA:0-3587,Cont,NaF,OK,5.91759,3.20441,-0.884952,-1.21464,0.0442
XLOC_010409,XLOC_010409,-,LVA_012374-RA:916-1079,Cont,NaF,OK,0,12.091,inf,nan,0.00265
XLOC_010534,XLOC_010534,-,LVA_012523-RA:18-1482,Cont,NaF,OK,14.721,8.14614,-0.853689,-1.37782,0.03135
XLOC_010604,XLOC_010604,-,LVA_012615-RA:0-672,Cont,NaF,OK,21.093,37.8632,0.844031,1.5369,0.037
XLOC_010676,XLOC_010676,-,LVA_012700-RA:18-585,Cont,NaF,OK,71.69,139.364,0.959011,1.984,0.01095
XLOC_010677,XLOC_010677,-,LVA_012701-RA:0-607,Cont,NaF,OK,45.646,77.6534,0.766562,1.56586,0.043
XLOC_010796,XLOC_010796,-,LVA_012857-RA:122-2470,Cont,NaF,OK,9.00526,5.13632,-0.810031,-1.26292,0.03915
XLOC_010817,XLOC_010817,-,LVA_012881-RA:0-2007,Cont,NaF,OK,11.1398,5.73201,-0.958608,-1.54894,0.0118
XLOC_010869,XLOC_010869,-,LVA_012946-RA:0-799,Cont,NaF,OK,14.9503,8.16648,-0.872386,-1.4828,0.03665
XLOC_010873,XLOC_010873,-,LVA_012950-RA:7-4215,Cont,NaF,OK,3.01703,1.5505,-0.960399,-1.18954,0.04635
XLOC_011125,XLOC_011125,-,LVA_013253-RA:0-201,Cont,NaF,OK,909.277,1703.3,0.90554,4.88732,0.01675
XLOC_011171,XLOC_011171,-,LVA_013307-RA:49-2283,Cont,NaF,OK,7.5045,3.97224,-0.917802,-1.32446,0.0332
XLOC_011329,XLOC_011329,-,LVA_013517-RA:0-3153,Cont,NaF,OK,29.7708,17.3439,-0.779472,-1.2139,0.0454
XLOC_011663,XLOC_011663,-,LVA_013975-RA:0-1632,Cont,NaF,OK,2.1789,0.00109916,-10.953,-0.130725,0.04185
XLOC_011836,XLOC_011836,-,LVA_014179-RA:0-189,Cont,NaF,OK,627.657,1088.46,0.79424,4.92608,0.0324
XLOC_011879,XLOC_011879,-,LVA_014239-RA:0-3209,Cont,NaF,OK,11.8461,4.98595,-1.24847,-1.76807,0.005
XLOC_011880,XLOC_011880,-,LVA_014240-RA:1-1749,Cont,NaF,OK,81.3049,39.299,-1.04885,-1.70287,0.00565
XLOC_011881,XLOC_011881,-,LVA_014241-RA:5-3284,Cont,NaF,OK,104.967,52.8791,-0.989167,-1.44515,0.0163
XLOC_011955,XLOC_011955,-,LVA_014348-RA:0-555,Cont,NaF,OK,5.51062,13.5606,1.29914,2.07428,0.01335
XLOC_011974,XLOC_011974,-,LVA_014367-RA:66-908,Cont,NaF,OK,8.15566,4.23406,-0.945761,-1.42069,0.0467
XLOC_011995,XLOC_011995,-,LVA_014391-RA:0-1200,Cont,NaF,OK,75.9746,33.4653,-1.18285,-1.96895,0.00385
XLOC_011996,XLOC_011996,-,LVA_014392-RA:73-417,Cont,NaF,OK,59.1544,27.9068,-1.08387,-2.59196,0.01195
XLOC_012065,XLOC_012065,-,LVA_014479-RA:0-234,Cont,NaF,OK,9.88122,24.8786,1.33215,3.30291,0.0434
XLOC_012066,XLOC_012066,-,LVA_014480-RA:0-294,Cont,NaF,OK,4.31433,11.8648,1.45948,2.41521,0.04825
XLOC_012069,XLOC_012069,-,LVA_014483-RA:3-14400,Cont,NaF,OK,5.2417,1.82725,-1.52036,-1.88709,0.00215
XLOC_012112,XLOC_012112,-,LVA_014542-RA:433-675,Cont,NaF,OK,0,3.22727,inf,nan,0.0031
XLOC_012126,XLOC_012126,-,LVA_014561-RA:7-122,Cont,NaF,OK,0,146.049,inf,nan,0.00365
XLOC_012209,XLOC_012209,-,LVA_014667-RA:0-1814,Cont,NaF,OK,105.526,207.421,0.974956,1.36539,0.02775
XLOC_012239,XLOC_012239,-,LVA_014706-RA:62-3162,Cont,NaF,OK,2.88899,1.54986,-0.898432,-1.22316,0.04435
XLOC_012360,XLOC_012360,-,LVA_014854-RA:38-1642,Cont,NaF,OK,2.81644,1.35732,-1.05312,-1.33256,0.0443
XLOC_012404,XLOC_012404,-,LVA_014915-RA:0-1095,Cont,NaF,OK,37.8068,149.588,1.98428,3.22233,5.00E-05
XLOC_012453,XLOC_012453,-,LVA_014974-RA:2-1238,Cont,NaF,OK,9.7306,4.94161,-0.977549,-1.56979,0.01765
XLOC_012466,XLOC_012466,-,LVA_014990-RA:0-1812,Cont,NaF,OK,7.36034,13.7237,0.89883,1.37366,0.0287
XLOC_012491,XLOC_012491,-,LVA_015021-RA:0-1381,Cont,NaF,OK,47.9621,22.7558,-1.07566,-1.82899,0.00395
XLOC_012519,XLOC_012519,-,LVA_015058-RA:0-189,Cont,NaF,OK,91.3738,37.4352,-1.28739,-5.82738,0.0184
XLOC_012520,XLOC_012520,-,LVA_015059-RA:0-1896,Cont,NaF,OK,24.2282,8.66036,-1.48419,-2.43592,0.00015
XLOC_012551,XLOC_012551,-,LVA_015092-RA:0-1752,Cont,NaF,OK,11.2002,5.80158,-0.949003,-1.39708,0.0284
XLOC_012572,XLOC_012572,-,LVA_015118-RA:0-285,Cont,NaF,OK,145.34,250.509,0.785427,2.53572,0.03455
XLOC_012846,XLOC_012846,-,LVA_015468-RA:0-1002,Cont,NaF,OK,9.31495,17.6669,0.923432,1.56379,0.0222
XLOC_012949,XLOC_012949,-,LVA_015592-RA:0-662,Cont,NaF,OK,6.26701,2.11389,-1.56788,-1.96017,0.0157
XLOC_013010,XLOC_013010,-,LVA_015673-RA:66-1029,Cont,NaF,OK,15.776,29.7851,0.916859,1.513,0.0265
XLOC_013015,XLOC_013015,-,LVA_015682-RA:9-870,Cont,NaF,OK,129.518,62.1006,-1.06047,-1.93922,0.00555
XLOC_013047,XLOC_013047,-,LVA_015724-RA:1-2223,Cont,NaF,OK,7.46611,3.69331,-1.01544,-1.42948,0.0219
XLOC_013048,XLOC_013048,-,LVA_015725-RA:54-2108,Cont,NaF,OK,5.67694,2.83488,-1.00182,-1.3858,0.02625
XLOC_013175,XLOC_013175,-,LVA_015882-RA:0-135,Cont,NaF,OK,213.314,449.904,1.07664,16.755,0.03285
XLOC_013177,XLOC_013177,-,LVA_015886-RA:0-1650,Cont,NaF,OK,2.53501,6.33605,1.32159,1.08898,0.0451
XLOC_013206,XLOC_013206,-,LVA_015919-RA:0-591,Cont,NaF,OK,20.7679,11.0357,-0.912177,-1.66928,0.03285
XLOC_013283,XLOC_013283,-,LVA_016017-RA:0-601,Cont,NaF,OK,8.67633,4.182,-1.05289,-1.60467,0.0428
XLOC_013291,XLOC_013291,-,LVA_016030-RA:91-1977,Cont,NaF,OK,1.67259,4.43721,1.40757,1.78443,0.00725
XLOC_013321,XLOC_013321,-,LVA_016072-RA:57-225,Cont,NaF,OK,316.461,630.978,0.995561,7.96219,0.0114
XLOC_013327,XLOC_013327,-,LVA_016078-RA:0-1110,Cont,NaF,OK,2.5925,1.09898,-1.23818,-1.40446,0.04515
XLOC_013414,XLOC_013414,-,LVA_016199-RA:58-1786,Cont,NaF,OK,37.5585,64.0168,0.769309,1.28206,0.0402
XLOC_013492,XLOC_013492,-,LVA_016282-RA:0-356,Cont,NaF,OK,43.3562,21.7656,-0.994184,-2.22078,0.02865
XLOC_013505,XLOC_013505,-,LVA_016293-RA:32-296,Cont,NaF,OK,146.305,251.541,0.781818,2.68598,0.04005
XLOC_013539,XLOC_013539,-,LVA_016333-RA:0-1587,Cont,NaF,OK,11.5385,5.24674,-1.13696,-1.72289,0.00705
XLOC_013547,XLOC_013547,-,LVA_016341-RA:0-408,Cont,NaF,OK,30.0965,52.511,0.803021,1.86724,0.04285
XLOC_013598,XLOC_013598,-,LVA_016397-RA:0-5151,Cont,NaF,OK,8.79213,4.14231,-1.08578,-1.41059,0.0193
XLOC_013677,XLOC_013677,-,LVA_016501-RA:93-231,Cont,NaF,OK,0,19.9999,inf,nan,0.0091
XLOC_013713,XLOC_013713,-,LVA_016544-RA:0-2964,Cont,NaF,OK,25.9355,12.7766,-1.02142,-1.23093,0.0443
XLOC_013784,XLOC_013784,-,LVA_016621-RA:518-748,Cont,NaF,OK,0,4.09582,inf,nan,0.0022
XLOC_013785,XLOC_013785,-,LVA_016622-RA:17-2196,Cont,NaF,OK,89.0241,47.52,-0.90566,-1.35468,0.03125
XLOC_013808,XLOC_013808,-,LVA_016657-RA:647-2275,Cont,NaF,OK,1.47702,0.537215,-1.45912,-1.41709,0.03575
XLOC_013816,XLOC_013816,-,LVA_016666-RA:0-5226,Cont,NaF,OK,4.01489,2.14845,-0.902069,-1.20964,0.04325
XLOC_013904,XLOC_013904,-,LVA_016797-RA:0-5415,Cont,NaF,OK,98.4386,40.5492,-1.27955,-1.43186,0.01595
XLOC_013905,XLOC_013905,-,LVA_016798-RA:0-978,Cont,NaF,OK,438.888,174.118,-1.33379,-1.79218,0.0099
XLOC_014063,XLOC_014063,-,LVA_016995-RA:0-695,Cont,NaF,OK,14.4849,6.38405,-1.182,-1.9523,0.00945
XLOC_014245,XLOC_014245,-,LVA_017229-RA:0-2163,Cont,NaF,OK,12.8099,5.31214,-1.2699,-1.75159,0.00605
XLOC_014331,XLOC_014331,-,LVA_017336-RA:73-5118,Cont,NaF,OK,6.74631,3.7899,-0.831937,-1.19782,0.04345
XLOC_014341,XLOC_014341,-,LVA_017346-RA:0-616,Cont,NaF,OK,1636.3,4017.39,1.29582,1.53421,0.0476
XLOC_014595,XLOC_014595,-,LVA_017644-RA:0-5051,Cont,NaF,OK,6.82692,3.78812,-0.849755,-1.25703,0.03165
XLOC_014608,XLOC_014608,-,LVA_017663-RA:21-762,Cont,NaF,OK,90.2658,151.231,0.744498,1.42182,0.0498
XLOC_014640,XLOC_014640,-,LVA_017711-RA:0-1564,Cont,NaF,OK,34.2509,9.39365,-1.86639,-2.58364,0.0001
XLOC_014684,XLOC_014684,-,LVA_017771-RA:26-550,Cont,NaF,OK,3.60177,8.30184,1.20472,1.76614,0.0372
XLOC_014738,XLOC_014738,-,LVA_017831-RA:4-1567,Cont,NaF,OK,14.5849,7.7652,-0.909382,-1.33277,0.0345
XLOC_014749,XLOC_014749,-,LVA_017845-RA:161-1345,Cont,NaF,OK,1.40233,0.22393,-2.64671,-1.67283,0.0484
XLOC_014824,XLOC_014824,-,LVA_017935-RA:5-1320,Cont,NaF,OK,43.959,14.8291,-1.56772,-0.894282,0.0477
XLOC_014964,XLOC_014964,-,LVA_018139-RA:0-378,Cont,NaF,OK,66.7038,24.1,-1.46874,-3.1415,0.00115
XLOC_014983,XLOC_014983,-,LVA_018162-RA:2-2092,Cont,NaF,OK,5.41041,2.97641,-0.862166,-1.33003,0.03485
XLOC_015031,XLOC_015031,-,LVA_018222-RA:0-282,Cont,NaF,OK,26.5255,54.8305,1.0476,2.80172,0.02295
XLOC_015197,XLOC_015197,-,LVA_018423-RA:0-1716,Cont,NaF,OK,5.87624,2.76537,-1.08742,-1.45895,0.0249
XLOC_015298,XLOC_015298,-,LVA_018551-RA:0-372,Cont,NaF,OK,171.728,41.6746,-2.04289,-4.59988,5.00E-05
XLOC_015367,XLOC_015367,-,LVA_018632-RA:0-1566,Cont,NaF,OK,26.3776,15.3391,-0.7821,-1.29689,0.03825
XLOC_015385,XLOC_015385,-,LVA_018656-RA:0-354,Cont,NaF,OK,8.93917,21.245,1.24891,2.47181,0.01895
XLOC_015455,XLOC_015455,-,LVA_018749-RA:4-2021,Cont,NaF,OK,5.9367,3.08166,-0.945956,-1.25057,0.04955
XLOC_015581,XLOC_015581,-,LVA_018905-RA:0-369,Cont,NaF,OK,52.1971,7.0781,-2.88254,-4.82028,0.00015
XLOC_015582,XLOC_015582,-,LVA_018906-RA:0-1011,Cont,NaF,OK,25.7101,4.10289,-2.64762,-3.46001,5.00E-05
XLOC_015583,XLOC_015583,-,LVA_018907-RA:0-666,Cont,NaF,OK,20.243,4.16879,-2.27972,-3.06858,0.00035
XLOC_015584,XLOC_015584,-,LVA_018908-RA:0-408,Cont,NaF,OK,25.6456,4.52775,-2.50185,-3.78104,0.00025
XLOC_015640,XLOC_015640,-,LVA_018973-RA:0-423,Cont,NaF,OK,85.6689,147.624,0.785086,1.84067,0.0383
XLOC_015691,XLOC_015691,-,LVA_019031-RA:2-637,Cont,NaF,OK,8.88194,3.79202,-1.22791,-1.74832,0.02365
XLOC_016025,XLOC_016025,-,LVA_019468-RA:5-723,Cont,NaF,OK,4.86529,1.80362,-1.43163,-1.78472,0.02225
XLOC_016106,XLOC_016106,-,LVA_019572-RA:0-375,Cont,NaF,OK,184.251,55.0799,-1.74208,-3.70447,5.00E-05
XLOC_016235,XLOC_016235,-,LVA_019734-RA:59-1272,Cont,NaF,OK,72.4562,43.9721,-0.72052,-1.2794,0.0477
XLOC_016540,XLOC_016540,-,LVA_020122-RA:320-639,Cont,NaF,OK,472.851,260.125,-0.862181,-2.22502,0.04335
XLOC_016576,XLOC_016576,-,LVA_020162-RA:74-521,Cont,NaF,OK,25.0065,13.4516,-0.894529,-1.76277,0.04085
XLOC_017043,XLOC_017043,-,LVA_020762-RA:0-1341,Cont,NaF,OK,27.0971,10.3052,-1.39477,-2.04872,0.00255
XLOC_017058,XLOC_017058,-,LVA_020777-RA:0-1322,Cont,NaF,OK,278.108,150.673,-0.884224,-1.35173,0.0392
XLOC_017059,XLOC_017059,-,LVA_020778-RA:0-1065,Cont,NaF,OK,210.019,108.9,-0.94752,-1.58395,0.0164
XLOC_017225,XLOC_017225,-,LVA_021008-RA:0-738,Cont,NaF,OK,6.69163,3.15823,-1.08324,-1.56641,0.03495
XLOC_017288,XLOC_017288,-,LVA_021092-RA:0-120,Cont,NaF,OK,7045.93,11919.1,0.758409,37.1895,0.04265
XLOC_017384,XLOC_017384,-,LVA_021233-RA:0-339,Cont,NaF,OK,172.604,308.663,0.838566,2.3297,0.02245
XLOC_017385,XLOC_017385,-,LVA_021234-RA:0-573,Cont,NaF,OK,62.1584,144.207,1.21412,2.23834,0.0041
XLOC_017474,XLOC_017474,-,LVA_021335-RA:0-832,Cont,NaF,OK,35.8857,14.5694,-1.30047,-2.31991,0.0014
XLOC_017502,XLOC_017502,-,LVA_021363-RA:0-508,Cont,NaF,OK,1.53866,4.58361,1.57481,1.77347,0.04545
XLOC_017736,XLOC_017736,-,LVA_021670-RA:0-507,Cont,NaF,OK,22.01,40.0199,0.862559,1.68151,0.04
XLOC_018500,XLOC_018500,-,LVA_022647-RA:0-804,Cont,NaF,OK,20.3781,10.3351,-0.979469,-1.53026,0.03685
XLOC_018659,XLOC_018659,-,LVA_022847-RA:183-1026,Cont,NaF,OK,5.36338,1.99256,-1.42852,-1.8249,0.0186
XLOC_018766,XLOC_018766,-,LVA_022990-RA:67-269,Cont,NaF,OK,0,4.59672,inf,nan,0.0054
XLOC_018820,XLOC_018820,-,LVA_023051-RA:0-375,Cont,NaF,OK,239.155,70.6727,-1.75872,-3.96286,0.00015
XLOC_018885,XLOC_018885,-,LVA_023135-RA:1-813,Cont,NaF,OK,28.2275,16.4668,-0.777542,-1.43919,0.04185
XLOC_018925,XLOC_018925,-,LVA_023197-RA:0-567,Cont,NaF,OK,126.485,63.467,-0.994884,-2.09073,0.0066
XLOC_018926,XLOC_018926,-,LVA_023198-RA:0-408,Cont,NaF,OK,61.4072,31.6242,-0.957377,-2.22564,0.0146
XLOC_018955,XLOC_018955,-,LVA_023243-RA:0-411,Cont,NaF,OK,78.0362,34.2842,-1.1866,-2.39737,0.0082
XLOC_018964,XLOC_018964,-,LVA_023252-RA:15-202,Cont,NaF,OK,224.346,396.894,0.82303,4.91693,0.03645
XLOC_018980,XLOC_018980,-,LVA_023273-RA:638-4963,Cont,NaF,OK,4.38051,2.3,-0.929464,-1.3039,0.02825
XLOC_019090,XLOC_019090,-,LVA_023415-RA:0-608,Cont,NaF,OK,31.8479,16.9684,-0.908346,-1.67809,0.02995
XLOC_019127,XLOC_019127,-,LVA_023458-RA:10-4068,Cont,NaF,OK,1.63423,0.70177,-1.21954,-1.47861,0.01685
XLOC_019175,XLOC_019175,-,LVA_023531-RA:0-515,Cont,NaF,OK,10.1805,3.98305,-1.35387,-2.04628,0.01935
XLOC_019178,XLOC_019178,-,LVA_023534-RA:0-1134,Cont,NaF,OK,344.093,182.549,-0.914512,-1.44759,0.0291
XLOC_019397,XLOC_019397,-,LVA_023826-RA:0-1110,Cont,NaF,OK,67.5282,22.2374,-1.6025,-2.6103,0.00015
XLOC_019398,XLOC_019398,-,LVA_023827-RA:0-1554,Cont,NaF,OK,55.7168,18.1211,-1.62044,-2.5218,0.00015
XLOC_019399,XLOC_019399,-,LVA_023828-RA:0-939,Cont,NaF,OK,41.96,14.4185,-1.54109,-2.54607,0.00015
XLOC_019566,XLOC_019566,-,LVA_024043-RA:7-1002,Cont,NaF,OK,5.29251,9.76697,0.883958,1.34913,0.04685
XLOC_019588,XLOC_019588,-,LVA_024069-RA:0-1243,Cont,NaF,OK,25.9831,14.7706,-0.814847,-1.36601,0.0383
XLOC_019702,XLOC_019702,-,LVA_024230-RA:41-435,Cont,NaF,OK,77.3558,130.339,0.75269,1.87295,0.0425
XLOC_019725,XLOC_019725,-,LVA_024264-RA:0-1000,Cont,NaF,OK,179.048,80.5231,-1.15287,-1.94398,0.0042
XLOC_019787,XLOC_019787,-,LVA_024350-RA:6-15012,Cont,NaF,OK,17.1164,6.7725,-1.33762,-1.49154,0.01175
XLOC_019788,XLOC_019788,-,LVA_024351-RA:4-2178,Cont,NaF,OK,4.73279,1.48666,-1.67062,-1.96214,0.00385
XLOC_019789,XLOC_019789,-,LVA_024352-RA:0-7386,Cont,NaF,OK,1.29215,0.281382,-2.19918,-2.43426,0.0002
XLOC_019790,XLOC_019790,-,LVA_024352-RA:7463-19090,Cont,NaF,OK,1.79881,0.566949,-1.66575,-2.00623,0.0009
XLOC_019937,XLOC_019937,-,LVA_024561-RA:25-774,Cont,NaF,OK,49.4343,30.0731,-0.71704,-1.39612,0.0489
XLOC_020041,XLOC_020041,-,LVA_024712-RA:0-3594,Cont,NaF,OK,52.6835,24.3872,-1.11123,-1.58131,0.0074
XLOC_020111,XLOC_020111,-,LVA_024816-RA:75-4747,Cont,NaF,OK,6.83824,3.70284,-0.884993,-1.24579,0.0393
XLOC_020270,XLOC_020270,-,LVA_025020-RA:9-534,Cont,NaF,OK,184.109,82.1354,-1.16448,-2.40186,0.00375
XLOC_020379,XLOC_020379,-,LVA_025155-RA:0-2364,Cont,NaF,OK,9.56473,5.35971,-0.835569,-1.29572,0.03335
XLOC_020738,XLOC_020738,-,LVA_025630-RA:0-161,Cont,NaF,OK,704.057,1234.58,0.810256,7.8536,0.02835
XLOC_020771,XLOC_020771,-,LVA_025688-RA:14-2541,Cont,NaF,OK,7.4185,4.26314,-0.799211,-1.21179,0.0452
XLOC_020794,XLOC_020794,-,LVA_025717-RA:0-1542,Cont,NaF,OK,17.4814,38.5946,1.14258,1.83776,0.00485
XLOC_020797,XLOC_020797,-,LVA_025720-RA:0-1521,Cont,NaF,OK,2.69887,5.186,0.942264,1.31544,0.0405
XLOC_020812,XLOC_020812,-,LVA_025736-RA:0-168,Cont,NaF,OK,732.359,1476.3,1.01137,7.70543,0.01325
XLOC_020852,XLOC_020852,-,LVA_025797-RA:0-645,Cont,NaF,OK,8.48072,3.33341,-1.34719,-1.87565,0.0194
XLOC_020910,XLOC_020910,-,LVA_025879-RA:0-1394,Cont,NaF,OK,1.72433,0.652288,-1.40246,-1.40651,0.0417
XLOC_021006,XLOC_021006,-,LVA_026017-RA:0-411,Cont,NaF,OK,30.1937,15.1304,-0.996792,-1.98068,0.03285
XLOC_021007,XLOC_021007,-,LVA_026018-RA:0-312,Cont,NaF,OK,275.821,90.7122,-1.60436,-4.38293,0.0001
XLOC_021086,XLOC_021086,-,LVA_026147-RA:0-729,Cont,NaF,OK,5.73173,2.21597,-1.37103,-1.81584,0.01935
XLOC_021326,XLOC_021326,-,LVA_026471-RA:0-247,Cont,NaF,OK,34.1346,66.1588,0.954698,3.03526,0.03455
XLOC_021329,XLOC_021329,-,LVA_026477-RA:125-585,Cont,NaF,OK,4.53458,11.1666,1.30015,1.92917,0.03365
XLOC_021370,XLOC_021370,-,LVA_026534-RA:0-534,Cont,NaF,OK,118.289,215.429,0.864898,1.78414,0.0257
XLOC_021677,XLOC_021677,-,LVA_026986-RA:0-1500,Cont,NaF,OK,364.656,164.678,-1.14689,-1.75782,0.00605
XLOC_021680,XLOC_021680,-,LVA_026991-RA:0-602,Cont,NaF,OK,9.46221,4.62057,-1.03411,-1.59649,0.04385
XLOC_021806,XLOC_021806,-,LVA_027185-RA:244-466,Cont,NaF,OK,30.2949,61.2615,1.01591,3.54386,0.03695
XLOC_021876,XLOC_021876,-,LVA_027289-RA:1-768,Cont,NaF,OK,14.3123,6.69277,-1.09658,-1.6995,0.01965
XLOC_021901,XLOC_021901,-,LVA_027326-RA:0-506,Cont,NaF,OK,51.4335,28.5472,-0.849359,-1.74384,0.03235
XLOC_021952,XLOC_021952,-,LVA_027398-RA:4-522,Cont,NaF,OK,338.62,658.575,0.959683,1.75727,0.0292
XLOC_021980,XLOC_021980,-,LVA_027447-RA:67-205,Cont,NaF,OK,83.734,227.7,1.44325,15.1594,0.0247
XLOC_021992,XLOC_021992,-,LVA_027467-RA:11-990,Cont,NaF,OK,6.37874,3.10617,-1.03813,-1.42497,0.0437
XLOC_022017,XLOC_022017,-,LVA_027498-RA:0-264,Cont,NaF,OK,15.9652,4.88365,-1.7089,-3.15442,0.03765
XLOC_022111,XLOC_022111,-,LVA_027642-RA:0-624,Cont,NaF,OK,59.0121,14.855,-1.99006,-3.56092,5.00E-05
XLOC_022120,XLOC_022120,-,LVA_027659-RA:0-624,Cont,NaF,OK,65.9336,126.186,0.93647,1.87504,0.0143
XLOC_022205,XLOC_022205,-,LVA_027814-RA:4-2796,Cont,NaF,OK,3.94989,1.89477,-1.05979,-1.55518,0.0114