"gene_id","locus","Ctl","NaF","Log2fc","p_value","UD","Percentile"
"XLOC_011663","LVA_013975",2.1789,0.00109916,-10.953,0.04185,"Down",1
"XLOC_015581","LVA_018905",52.1971,7.0781,-2.88254,0.00015,"Down",0.997167138810198
"XLOC_015582","LVA_018906",25.7101,4.10289,-2.64762,5e-05,"Down",0.994334277620397
"XLOC_014749","LVA_017845",1.40233,0.22393,-2.64671,0.0484,"Down",0.991501416430595
"XLOC_003733","LVA_004357",1.03465,0.166253,-2.63769,0.046,"Down",0.988668555240793
"XLOC_015584","LVA_018908",25.6456,4.52775,-2.50185,0.00025,"Down",0.985835694050991
"XLOC_002760","LVA_003218",3.6156,0.719591,-2.32899,0.04855,"Down",0.98300283286119
"XLOC_015583","LVA_018907",20.243,4.16879,-2.27972,0.00035,"Down",0.980169971671388
"XLOC_019789","LVA_024352",1.29215,0.281382,-2.19918,2e-04,"Down",0.977337110481586
"XLOC_004814","LVA_005617",1.37847,0.301688,-2.19194,0.00655,"Down",0.974504249291785
"XLOC_002281","LVA_002632",40.0267,8.87063,-2.17385,5e-05,"Down",0.971671388101983
"XLOC_003452","LVA_004022",1.37708,0.307164,-2.16453,0.0337,"Down",0.968838526912181
"XLOC_005177","LVA_006033",4.81229,1.10724,-2.11975,0.0437,"Down",0.96600566572238
"XLOC_005621","LVA_006585",3.93165,0.924132,-2.08896,0.0351,"Down",0.963172804532578
"XLOC_005620","LVA_006584",3.01575,0.710001,-2.08662,0.0016,"Down",0.960339943342776
"XLOC_015298","LVA_018551",171.728,41.6746,-2.04289,5e-05,"Down",0.957507082152975
"XLOC_007646","LVA_009055",679.312,165.435,-2.03781,5e-05,"Down",0.954674220963173
"XLOC_022111","LVA_027642",59.0121,14.855,-1.99006,5e-05,"Down",0.951841359773371
"XLOC_012404","LVA_014915",37.8068,149.588,1.98428,5e-05,"Up",0.949008498583569
"XLOC_001772","LVA_002048",217.676,57.2436,-1.92699,5e-05,"Down",0.946175637393768
"XLOC_009450","LVA_011185",100.389,26.6735,-1.91212,5e-05,"Down",0.943342776203966
"XLOC_014640","LVA_017711",34.2509,9.39365,-1.86639,1e-04,"Down",0.940509915014164
"XLOC_009048","LVA_010718",1.41677,0.404517,-1.80834,0.01885,"Down",0.937677053824363
"XLOC_002396","LVA_002758",2.61218,0.746322,-1.80738,0.03115,"Down",0.934844192634561
"XLOC_006367","LVA_007471",80.6442,23.5523,-1.7757,0.0255,"Down",0.932011331444759
"XLOC_018820","LVA_023051",239.155,70.6727,-1.75872,0.00015,"Down",0.929178470254957
"XLOC_001773","LVA_002049",30.3013,9.03282,-1.74613,0.001,"Down",0.926345609065156
"XLOC_002018","LVA_002333",11.0072,36.8478,1.74313,5e-05,"Up",0.923512747875354
"XLOC_002283","LVA_002634",107.487,32.1096,-1.74308,5e-05,"Down",0.920679886685552
"XLOC_016106","LVA_019572",184.251,55.0799,-1.74208,5e-05,"Down",0.917847025495751
"XLOC_005630","LVA_006594",1.98193,0.603681,-1.71505,0.02495,"Down",0.915014164305949
"XLOC_000889","LVA_001053",10403.8,3180.51,-1.70978,0.00515,"Down",0.912181303116147
"XLOC_008807","LVA_010436",3.52292,1.07705,-1.70968,0.01565,"Down",0.909348441926346
"XLOC_022017","LVA_027498",15.9652,4.88365,-1.7089,0.03765,"Down",0.906515580736544
"XLOC_003176","LVA_003684",13.9744,4.32113,-1.69331,0.0336,"Down",0.903682719546742
"XLOC_008445","LVA_009995",70.3549,21.8562,-1.68661,7e-04,"Down",0.900849858356941
"XLOC_019788","LVA_024351",4.73279,1.48666,-1.67062,0.00385,"Down",0.898016997167139
"XLOC_003383","LVA_003933",4.33805,1.40115,-1.63044,0.0032,"Down",0.895184135977337
"XLOC_007647","LVA_009056",207.527,67.4116,-1.62223,5e-05,"Down",0.892351274787535
"XLOC_019398","LVA_023827",55.7168,18.1211,-1.62044,0.00015,"Down",0.889518413597734
"XLOC_003962","LVA_004607",267.465,87.1255,-1.61818,1e-04,"Down",0.886685552407932
"XLOC_001339","LVA_001545",4.03604,1.32644,-1.60538,0.00925,"Down",0.88385269121813
"XLOC_003174","LVA_003682",14.6791,4.82508,-1.60514,0.01025,"Down",0.881019830028329
"XLOC_021007","LVA_026018",275.821,90.7122,-1.60436,1e-04,"Down",0.878186968838527
"XLOC_019397","LVA_023826",67.5282,22.2374,-1.6025,0.00015,"Down",0.875354107648725
"XLOC_007288","LVA_008629",6.98298,21.138,1.59792,0.02785,"Up",0.872521246458923
"XLOC_009496","LVA_011239",103.323,34.3523,-1.58868,6e-04,"Down",0.869688385269122
"XLOC_017502","LVA_021363",1.53866,4.58361,1.57481,0.04545,"Up",0.86685552407932
"XLOC_012949","LVA_015592",6.26701,2.11389,-1.56788,0.0157,"Down",0.864022662889518
"XLOC_014824","LVA_017935",43.959,14.8291,-1.56772,0.0477,"Down",0.861189801699717
"XLOC_003639","LVA_004244",7.93738,2.68906,-1.56156,0.0035,"Down",0.858356940509915
"XLOC_002282","LVA_002633",319.408,108.271,-1.56075,0.00035,"Down",0.855524079320113
"XLOC_009495","LVA_011238",518.573,175.874,-1.56001,0.00065,"Down",0.852691218130312
"XLOC_005525","LVA_006477",3.63129,1.23543,-1.55546,0.00245,"Down",0.84985835694051
"XLOC_019399","LVA_023828",41.96,14.4185,-1.54109,0.00015,"Down",0.847025495750708
"XLOC_001000","LVA_001182",356.288,122.676,-1.53819,0.00065,"Down",0.844192634560907
"XLOC_001883","LVA_002189",5.23879,1.8045,-1.53763,0.03775,"Down",0.841359773371105
"XLOC_000359","LVA_000418",8.63932,2.98528,-1.53305,0.00315,"Down",0.838526912181303
"XLOC_001887","LVA_002192",3.20907,1.10906,-1.53282,0.0466,"Down",0.835694050991501
"XLOC_008444","LVA_009994",125.371,43.4772,-1.52787,8e-04,"Down",0.8328611898017
"XLOC_012069","LVA_014483",5.2417,1.82725,-1.52036,0.00215,"Down",0.830028328611898
"XLOC_000489","LVA_000561",1.43687,4.10998,1.5162,0.0125,"Up",0.827195467422096
"XLOC_003177","LVA_003685",13.1868,4.67627,-1.49566,0.0461,"Down",0.824362606232295
"XLOC_010030","LVA_011916",109.584,39.095,-1.48699,0.00395,"Down",0.821529745042493
"XLOC_005475","LVA_006405",60.5959,169.754,1.48616,0.03935,"Up",0.818696883852691
"XLOC_012520","LVA_015059",24.2282,8.66036,-1.48419,0.00015,"Down",0.815864022662889
"XLOC_014964","LVA_018139",66.7038,24.1,-1.46874,0.00115,"Down",0.813031161473088
"XLOC_012066","LVA_014480",4.31433,11.8648,1.45948,0.04825,"Up",0.810198300283286
"XLOC_013808","LVA_016657",1.47702,0.537215,-1.45912,0.03575,"Down",0.807365439093484
"XLOC_001336","LVA_001542",2.39659,0.874812,-1.45394,0.0163,"Down",0.804532577903683
"XLOC_003179","LVA_003687",7.54739,2.76064,-1.45098,0.0076,"Down",0.801699716713881
"XLOC_021980","LVA_027447",83.734,227.7,1.44325,0.0247,"Up",0.798866855524079
"XLOC_001337","LVA_001543",2.6405,0.972296,-1.44135,0.0022,"Down",0.796033994334278
"XLOC_004373","LVA_005073",2.67868,7.27458,1.44134,0.01635,"Up",0.793201133144476
"XLOC_005240","LVA_006111",1.08441,0.400357,-1.43755,0.048,"Down",0.790368271954674
"XLOC_016025","LVA_019468",4.86529,1.80362,-1.43163,0.02225,"Down",0.787535410764873
"XLOC_018659","LVA_022847",5.36338,1.99256,-1.42852,0.0186,"Down",0.784702549575071
"XLOC_013291","LVA_016030",1.67259,4.43721,1.40757,0.00725,"Up",0.781869688385269
"XLOC_000140","LVA_000141",2.01331,5.32445,1.40306,0.01845,"Up",0.779036827195467
"XLOC_020910","LVA_025879",1.72433,0.652288,-1.40246,0.0417,"Down",0.776203966005666
"XLOC_000348","LVA_000407",136.385,51.812,-1.39632,0.00055,"Down",0.773371104815864
"XLOC_017043","LVA_020762",27.0971,10.3052,-1.39477,0.00255,"Down",0.770538243626062
"XLOC_008025","LVA_009495",1.78097,0.679052,-1.39107,0.04715,"Down",0.767705382436261
"XLOC_000317","LVA_000366",2.26899,0.874594,-1.37537,0.03555,"Down",0.764872521246459
"XLOC_021086","LVA_026147",5.73173,2.21597,-1.37103,0.01935,"Down",0.762039660056657
"XLOC_002017","LVA_002332",17.4763,45.0225,1.36524,0.0043,"Up",0.759206798866855
"XLOC_000361","LVA_000420",3.56529,1.39457,-1.3542,0.00655,"Down",0.756373937677054
"XLOC_019175","LVA_023531",10.1805,3.98305,-1.35387,0.01935,"Down",0.753541076487252
"XLOC_020852","LVA_025797",8.48072,3.33341,-1.34719,0.0194,"Down",0.75070821529745
"XLOC_019787","LVA_024350",17.1164,6.7725,-1.33762,0.01175,"Down",0.747875354107649
"XLOC_000319","LVA_000368",11.0281,4.37366,-1.33427,0.0155,"Down",0.745042492917847
"XLOC_013905","LVA_016798",438.888,174.118,-1.33379,0.0099,"Down",0.742209631728045
"XLOC_012065","LVA_014479",9.88122,24.8786,1.33215,0.0434,"Up",0.739376770538244
"XLOC_013177","LVA_015886",2.53501,6.33605,1.32159,0.0451,"Up",0.736543909348442
"XLOC_001545","LVA_001782",13.7431,5.50225,-1.32062,0.01645,"Down",0.73371104815864
"XLOC_000643","LVA_000753",10.9167,4.41401,-1.30638,0.0027,"Down",0.730878186968839
"XLOC_005363","LVA_006263",1.9673,0.796123,-1.30516,0.02465,"Down",0.728045325779037
"XLOC_003637","LVA_004243",358.547,145.279,-1.30334,0.00655,"Down",0.725212464589235
"XLOC_017474","LVA_021335",35.8857,14.5694,-1.30047,0.0014,"Down",0.722379603399433
"XLOC_021329","LVA_026477",4.53458,11.1666,1.30015,0.03365,"Up",0.719546742209632
"XLOC_004500","LVA_005226",11.0872,27.3018,1.3001,0.0021,"Up",0.71671388101983
"XLOC_011955","LVA_014348",5.51062,13.5606,1.29914,0.01335,"Up",0.713881019830028
"XLOC_014341","LVA_017346",1636.3,4017.39,1.29582,0.0476,"Up",0.711048158640227
"XLOC_003636","LVA_004242",360.431,147.318,-1.29079,0.00805,"Down",0.708215297450425
"XLOC_006051","LVA_007096",6.98447,2.85611,-1.2901,0.0025,"Down",0.705382436260623
"XLOC_002516","LVA_002905",16.8509,41.1833,1.28923,0.00175,"Up",0.702549575070821
"XLOC_000940","LVA_001114",6.99436,2.86485,-1.28773,0.02365,"Down",0.69971671388102
"XLOC_012519","LVA_015058",91.3738,37.4352,-1.28739,0.0184,"Down",0.696883852691218
"XLOC_000268","LVA_000311",3.17568,1.30385,-1.28429,0.0087,"Down",0.694050991501416
"XLOC_000254","LVA_000297",152.636,62.863,-1.27981,0.00355,"Down",0.691218130311615
"XLOC_013904","LVA_016797",98.4386,40.5492,-1.27955,0.01595,"Down",0.688385269121813
"XLOC_014245","LVA_017229",12.8099,5.31214,-1.2699,0.00605,"Down",0.685552407932011
"XLOC_003284","LVA_003814",3.9401,1.63412,-1.26972,0.00675,"Down",0.68271954674221
"XLOC_007458","LVA_008830",5.21951,2.16579,-1.26902,0.00425,"Down",0.679886685552408
"XLOC_001163","LVA_001363",18.9543,45.6586,1.26836,0.0126,"Up",0.677053824362606
"XLOC_004009","LVA_004657",1.20993,2.902,1.26212,0.03435,"Up",0.674220963172805
"XLOC_000360","LVA_000419",5.47771,2.29515,-1.25498,0.01275,"Down",0.671388101983003
"XLOC_015385","LVA_018656",8.93917,21.245,1.24891,0.01895,"Up",0.668555240793201
"XLOC_011879","LVA_014239",11.8461,4.98595,-1.24847,0.005,"Down",0.665722379603399
"XLOC_013327","LVA_016078",2.5925,1.09898,-1.23818,0.04515,"Down",0.662889518413598
"XLOC_007758","LVA_009174",5.65782,2.40057,-1.23687,0.0039,"Down",0.660056657223796
"XLOC_008443","LVA_009993",438.196,186.815,-1.22997,0.00865,"Down",0.657223796033994
"XLOC_015691","LVA_019031",8.88194,3.79202,-1.22791,0.02365,"Down",0.654390934844193
"XLOC_000189","LVA_000205",5.87746,2.51044,-1.22725,0.027,"Down",0.651558073654391
"XLOC_000250","LVA_000294",35.3008,15.1379,-1.22154,0.0219,"Down",0.648725212464589
"XLOC_019127","LVA_023458",1.63423,0.70177,-1.21954,0.01685,"Down",0.645892351274788
"XLOC_017385","LVA_021234",62.1584,144.207,1.21412,0.0041,"Up",0.643059490084986
"XLOC_008176","LVA_009679",4.72281,2.04467,-1.20778,0.04825,"Down",0.640226628895184
"XLOC_002380","LVA_002740",12.6487,5.48672,-1.20498,0.0124,"Down",0.637393767705382
"XLOC_014684","LVA_017771",3.60177,8.30184,1.20472,0.0372,"Up",0.634560906515581
"XLOC_005042","LVA_005872",16.1466,7.02951,-1.19973,0.01455,"Down",0.631728045325779
"XLOC_004110","LVA_004772",22.7344,52.212,1.1995,0.0306,"Up",0.628895184135977
"XLOC_008026","LVA_009496",4.33029,1.8863,-1.19891,0.01445,"Down",0.626062322946176
"XLOC_001724","LVA_001997",4.14647,1.8128,-1.19366,0.00345,"Down",0.623229461756374
"XLOC_010143","LVA_012044",6.82685,2.99594,-1.18821,0.00585,"Down",0.620396600566572
"XLOC_018955","LVA_023243",78.0362,34.2842,-1.1866,0.0082,"Down",0.617563739376771
"XLOC_011995","LVA_014391",75.9746,33.4653,-1.18285,0.00385,"Down",0.614730878186969
"XLOC_006915","LVA_008162",185.496,421.009,1.18246,0.01455,"Up",0.611898016997167
"XLOC_014063","LVA_016995",14.4849,6.38405,-1.182,0.00945,"Down",0.609065155807365
"XLOC_000148","LVA_000148",3.29112,1.45309,-1.17945,0.01355,"Down",0.606232294617564
"XLOC_000939","LVA_001112",6.31902,2.79202,-1.17839,0.01965,"Down",0.603399433427762
"XLOC_000321","LVA_000370",6.86016,3.0414,-1.17351,0.0051,"Down",0.60056657223796
"XLOC_020270","LVA_025020",184.109,82.1354,-1.16448,0.00375,"Down",0.597733711048159
"XLOC_001197","LVA_001401",9.9037,4.44617,-1.1554,0.0062,"Down",0.594900849858357
"XLOC_005293","LVA_006180",6.99365,3.14145,-1.15462,0.0394,"Down",0.592067988668555
"XLOC_019725","LVA_024264",179.048,80.5231,-1.15287,0.0042,"Down",0.589235127478754
"XLOC_009167","LVA_010851",19.816,8.91473,-1.1524,0.0124,"Down",0.586402266288952
"XLOC_001591","LVA_001829",15.8441,7.13243,-1.15148,0.0412,"Down",0.58356940509915
"XLOC_002517","LVA_002906",15.298,33.8876,1.14742,0.0104,"Up",0.580736543909348
"XLOC_021677","LVA_026986",364.656,164.678,-1.14689,0.00605,"Down",0.577903682719547
"XLOC_000147","LVA_000147",6.74064,3.05076,-1.14372,0.00415,"Down",0.575070821529745
"XLOC_008122","LVA_009616",3.87841,8.56635,1.14322,0.03155,"Up",0.572237960339943
"XLOC_020794","LVA_025717",17.4814,38.5946,1.14258,0.00485,"Up",0.569405099150142
"XLOC_009166","LVA_010850",39.7191,18.0256,-1.13979,0.01275,"Down",0.56657223796034
"XLOC_013539","LVA_016333",11.5385,5.24674,-1.13696,0.00705,"Down",0.563739376770538
"XLOC_002015","LVA_002331",77.2946,168.142,1.12124,0.04365,"Up",0.560906515580737
"XLOC_001580","LVA_001817",2.28969,1.05385,-1.11948,0.0237,"Down",0.558073654390935
"XLOC_005514","LVA_006464",3.5961,1.65684,-1.118,0.03295,"Down",0.555240793201133
"XLOC_020041","LVA_024712",52.6835,24.3872,-1.11123,0.0074,"Down",0.552407932011331
"XLOC_008442","LVA_009992",235.568,109.649,-1.10325,0.0126,"Down",0.54957507082153
"XLOC_007103","LVA_008382",12.5002,5.82253,-1.10224,0.0081,"Down",0.546742209631728
"XLOC_010051","LVA_011941",7.30582,3.40336,-1.10209,0.02915,"Down",0.543909348441926
"XLOC_005754","LVA_006750",2.47566,1.15486,-1.1001,0.0366,"Down",0.541076487252125
"XLOC_004173","LVA_004842",5.16969,2.41609,-1.0974,0.019,"Down",0.538243626062323
"XLOC_021876","LVA_027289",14.3123,6.69277,-1.09658,0.01965,"Down",0.535410764872521
"XLOC_009698","LVA_011494",2.55461,1.1966,-1.09417,0.01675,"Down",0.53257790368272
"XLOC_005092","LVA_005937",2.90646,1.36185,-1.0937,0.0173,"Down",0.529745042492918
"XLOC_015197","LVA_018423",5.87624,2.76537,-1.08742,0.0249,"Down",0.526912181303116
"XLOC_006075","LVA_007124",3.76396,1.77227,-1.08665,0.0193,"Down",0.524079320113314
"XLOC_002378","LVA_002738",10.5088,4.94957,-1.08622,0.01695,"Down",0.521246458923513
"XLOC_013598","LVA_016397",8.79213,4.14231,-1.08578,0.0193,"Down",0.518413597733711
"XLOC_010027","LVA_011913",37.2123,78.9328,1.08485,0.0126,"Up",0.515580736543909
"XLOC_011996","LVA_014392",59.1544,27.9068,-1.08387,0.01195,"Down",0.512747875354108
"XLOC_017225","LVA_021008",6.69163,3.15823,-1.08324,0.03495,"Down",0.509915014164306
"XLOC_009169","LVA_010853",17.6396,8.34972,-1.07902,0.0155,"Down",0.507082152974504
"XLOC_013175","LVA_015882",213.314,449.904,1.07664,0.03285,"Up",0.504249291784703
"XLOC_012491","LVA_015021",47.9621,22.7558,-1.07566,0.00395,"Down",0.501416430594901
"XLOC_009693","LVA_011488",3.83751,1.82149,-1.07505,0.02335,"Down",0.498583569405099
"XLOC_008808","LVA_010437",9.54896,4.53289,-1.07491,0.02495,"Down",0.495750708215297
"XLOC_003449","LVA_004019",32.1814,67.7805,1.07464,0.00415,"Up",0.492917847025496
"XLOC_000887","LVA_001051",4.32148,2.05565,-1.07193,0.04745,"Down",0.490084985835694
"XLOC_009780","LVA_011586",12.7552,26.7919,1.07071,0.01575,"Up",0.487252124645892
"XLOC_007194","LVA_008516",3.17621,1.51391,-1.06903,0.0208,"Down",0.484419263456091
"XLOC_001213","LVA_001421",1.89452,0.904337,-1.0669,0.04515,"Down",0.481586402266289
"XLOC_013015","LVA_015682",129.518,62.1006,-1.06047,0.00555,"Down",0.478753541076487
"XLOC_022205","LVA_027814",3.94989,1.89477,-1.05979,0.0114,"Down",0.475920679886686
"XLOC_008440","LVA_009991",262.46,125.992,-1.05876,0.0298,"Down",0.473087818696884
"XLOC_000985","LVA_001168",12.7436,6.1235,-1.05735,0.01985,"Down",0.470254957507082
"XLOC_002373","LVA_002733",9.52301,4.57824,-1.05662,0.0334,"Down",0.46742209631728
"XLOC_001001","LVA_001183",53.6873,25.8474,-1.05456,0.03515,"Down",0.464589235127479
"XLOC_012360","LVA_014854",2.81644,1.35732,-1.05312,0.0443,"Down",0.461756373937677
"XLOC_013283","LVA_016017",8.67633,4.182,-1.05289,0.0428,"Down",0.458923512747875
"XLOC_011880","LVA_014240",81.3049,39.299,-1.04885,0.00565,"Down",0.456090651558074
"XLOC_015031","LVA_018222",26.5255,54.8305,1.0476,0.02295,"Up",0.453257790368272
"XLOC_021992","LVA_027467",6.37874,3.10617,-1.03813,0.0437,"Down",0.45042492917847
"XLOC_003492","LVA_004079",52.3644,25.4994,-1.03812,0.04405,"Down",0.447592067988669
"XLOC_001891","LVA_002196",2.50078,1.21903,-1.03665,0.02715,"Down",0.444759206798867
"XLOC_003008","LVA_003487",2.05308,1.00184,-1.03514,0.032,"Down",0.441926345609065
"XLOC_010321","LVA_012274",5.1992,2.53809,-1.03455,0.01495,"Down",0.439093484419263
"XLOC_021680","LVA_026991",9.46221,4.62057,-1.03411,0.04385,"Down",0.436260623229462
"XLOC_004135","LVA_004800",6.11649,2.98749,-1.03377,0.02185,"Down",0.43342776203966
"XLOC_004426","LVA_005142",6.42238,13.1361,1.03236,0.03305,"Up",0.430594900849858
"XLOC_008930","LVA_010575",125.719,61.5631,-1.03007,0.00695,"Down",0.427762039660057
"XLOC_003100","LVA_003597",30.6262,15.0192,-1.02796,0.02125,"Down",0.424929178470255
"XLOC_000746","LVA_000865",21.1265,10.3775,-1.02559,0.0329,"Down",0.422096317280453
"XLOC_013713","LVA_016544",25.9355,12.7766,-1.02142,0.0443,"Down",0.419263456090652
"XLOC_021806","LVA_027185",30.2949,61.2615,1.01591,0.03695,"Up",0.41643059490085
"XLOC_013047","LVA_015724",7.46611,3.69331,-1.01544,0.0219,"Down",0.413597733711048
"XLOC_004323","LVA_005008",4.3041,8.67876,1.01178,0.03145,"Up",0.410764872521246
"XLOC_002237","LVA_002569",5.65768,2.80618,-1.01161,0.0152,"Down",0.407932011331445
"XLOC_020812","LVA_025736",732.359,1476.3,1.01137,0.01325,"Up",0.405099150141643
"XLOC_006370","LVA_007474",1.14677,0.569725,-1.00924,0.0396,"Down",0.402266288951841
"XLOC_005931","LVA_006962",6.0835,3.02863,-1.00624,0.0442,"Down",0.39943342776204
"XLOC_003099","LVA_003596",21.7245,10.8228,-1.00525,0.01,"Down",0.396600566572238
"XLOC_004653","LVA_005425",3.14827,1.57064,-1.00321,0.03595,"Down",0.393767705382436
"XLOC_013048","LVA_015725",5.67694,2.83488,-1.00182,0.02625,"Down",0.390934844192635
"XLOC_003632","LVA_004240",11.9801,6.00236,-0.997041,0.02605,"Down",0.388101983002833
"XLOC_021006","LVA_026017",30.1937,15.1304,-0.996792,0.03285,"Down",0.385269121813031
"XLOC_005831","LVA_006836",6.84876,3.43397,-0.995965,0.01955,"Down",0.382436260623229
"XLOC_013321","LVA_016072",316.461,630.978,0.995561,0.0114,"Up",0.379603399433428
"XLOC_008201","LVA_009705",143.65,286.285,0.994893,0.0437,"Up",0.376770538243626
"XLOC_018925","LVA_023197",126.485,63.467,-0.994884,0.0066,"Down",0.373937677053824
"XLOC_013492","LVA_016282",43.3562,21.7656,-0.994184,0.02865,"Down",0.371104815864023
"XLOC_011881","LVA_014241",104.967,52.8791,-0.989167,0.0163,"Down",0.368271954674221
"XLOC_007924","LVA_009371",8.42366,4.24865,-0.987442,0.0248,"Down",0.365439093484419
"XLOC_006700","LVA_007886",6.79566,3.43594,-0.983907,0.0272,"Down",0.362606232294618
"XLOC_007976","LVA_009436",19.3068,9.76201,-0.983863,0.0291,"Down",0.359773371104816
"XLOC_018500","LVA_022647",20.3781,10.3351,-0.979469,0.03685,"Down",0.356940509915014
"XLOC_003490","LVA_004077",7.03346,3.56994,-0.978335,0.04765,"Down",0.354107648725212
"XLOC_012453","LVA_014974",9.7306,4.94161,-0.977549,0.01765,"Down",0.351274787535411
"XLOC_000020","LVA_000023",7.84105,3.9852,-0.976393,0.02635,"Down",0.348441926345609
"XLOC_005147","LVA_006001",3.09833,1.57488,-0.976253,0.0319,"Down",0.345609065155807
"XLOC_012209","LVA_014667",105.526,207.421,0.974956,0.02775,"Up",0.342776203966006
"XLOC_006408","LVA_007521",8.25072,4.20268,-0.973211,0.0273,"Down",0.339943342776204
"XLOC_008809","LVA_010438",17.7334,9.05293,-0.970015,0.0331,"Down",0.337110481586402
"XLOC_001501","LVA_001738",2.75843,1.41053,-0.967608,0.03075,"Down",0.334277620396601
"XLOC_009338","LVA_011055",42.1142,21.5707,-0.965234,0.01345,"Down",0.331444759206799
"XLOC_006348","LVA_007450",60.9193,118.826,0.963885,0.04205,"Up",0.328611898016997
"XLOC_010873","LVA_012950",3.01703,1.5505,-0.960399,0.04635,"Down",0.325779036827195
"XLOC_021952","LVA_027398",338.62,658.575,0.959683,0.0292,"Up",0.322946175637394
"XLOC_010676","LVA_012700",71.69,139.364,0.959011,0.01095,"Up",0.320113314447592
"XLOC_010817","LVA_012881",11.1398,5.73201,-0.958608,0.0118,"Down",0.31728045325779
"XLOC_018926","LVA_023198",61.4072,31.6242,-0.957377,0.0146,"Down",0.314447592067989
"XLOC_007699","LVA_009106",11.8238,6.09913,-0.955015,0.0222,"Down",0.311614730878187
"XLOC_021326","LVA_026471",34.1346,66.1588,0.954698,0.03455,"Up",0.308781869688385
"XLOC_001257","LVA_001462",4.63104,2.3894,-0.954685,0.03565,"Down",0.305949008498584
"XLOC_005381","LVA_006282",2.12877,1.09849,-0.954495,0.0173,"Down",0.303116147308782
"XLOC_012551","LVA_015092",11.2002,5.80158,-0.949003,0.0284,"Down",0.30028328611898
"XLOC_017059","LVA_020778",210.019,108.9,-0.94752,0.0164,"Down",0.297450424929178
"XLOC_002530","LVA_002921",13.3858,6.94676,-0.946291,0.0267,"Down",0.294617563739377
"XLOC_015455","LVA_018749",5.9367,3.08166,-0.945956,0.04955,"Down",0.291784702549575
"XLOC_011974","LVA_014367",8.15566,4.23406,-0.945761,0.0467,"Down",0.288951841359773
"XLOC_003080","LVA_003569",48.4589,93.2372,0.944144,0.0359,"Up",0.286118980169972
"XLOC_009300","LVA_011017",20.6681,10.7452,-0.943713,0.03575,"Down",0.28328611898017
"XLOC_020797","LVA_025720",2.69887,5.186,0.942264,0.0405,"Up",0.280453257790368
"XLOC_002319","LVA_002677",2.70122,1.40861,-0.939343,0.0484,"Down",0.277620396600567
"XLOC_022120","LVA_027659",65.9336,126.186,0.93647,0.0143,"Up",0.274787535410765
"XLOC_004827","LVA_005625",68.8511,131.716,0.935877,0.0495,"Up",0.271954674220963
"XLOC_018980","LVA_023273",4.38051,2.3,-0.929464,0.02825,"Down",0.269121813031161
"XLOC_012846","LVA_015468",9.31495,17.6669,0.923432,0.0222,"Up",0.26628895184136
"XLOC_011171","LVA_013307",7.5045,3.97224,-0.917802,0.0332,"Down",0.263456090651558
"XLOC_013010","LVA_015673",15.776,29.7851,0.916859,0.0265,"Up",0.260623229461756
"XLOC_019178","LVA_023534",344.093,182.549,-0.914512,0.0291,"Down",0.257790368271955
"XLOC_013206","LVA_015919",20.7679,11.0357,-0.912177,0.03285,"Down",0.254957507082153
"XLOC_003422","LVA_003977",95.868,180.376,0.91189,0.0185,"Up",0.252124645892351
"XLOC_003986","LVA_004629",5.75572,3.05973,-0.911594,0.03655,"Down",0.24929178470255
"XLOC_014738","LVA_017831",14.5849,7.7652,-0.909382,0.0345,"Down",0.246458923512748
"XLOC_019090","LVA_023415",31.8479,16.9684,-0.908346,0.02995,"Down",0.243626062322946
"XLOC_004603","LVA_005354",10.0199,5.34376,-0.906937,0.0331,"Down",0.240793201133144
"XLOC_008358","LVA_009898",10.1171,5.39626,-0.906758,0.0145,"Down",0.237960339943343
"XLOC_013785","LVA_016622",89.0241,47.52,-0.90566,0.03125,"Down",0.235127478753541
"XLOC_011125","LVA_013253",909.277,1703.3,0.90554,0.01675,"Up",0.232294617563739
"XLOC_009155","LVA_010835",8.8414,4.72066,-0.905287,0.0494,"Down",0.229461756373938
"XLOC_009091","LVA_010768",19.1642,10.2353,-0.904866,0.04415,"Down",0.226628895184136
"XLOC_000082","LVA_000087",43.6656,81.7563,0.904834,0.03375,"Up",0.223796033994334
"XLOC_013816","LVA_016666",4.01489,2.14845,-0.902069,0.04325,"Down",0.220963172804533
"XLOC_003138","LVA_003640",25.5657,13.6987,-0.900169,0.03195,"Down",0.218130311614731
"XLOC_005983","LVA_007021",9.64009,5.1654,-0.900166,0.01515,"Down",0.215297450424929
"XLOC_005951","LVA_006978",11.6868,6.26513,-0.899463,0.02165,"Down",0.212464589235127
"XLOC_012466","LVA_014990",7.36034,13.7237,0.89883,0.0287,"Up",0.209631728045326
"XLOC_012239","LVA_014706",2.88899,1.54986,-0.898432,0.04435,"Down",0.206798866855524
"XLOC_010217","LVA_012129",5.95484,3.19513,-0.898189,0.04325,"Down",0.203966005665722
"XLOC_009165","LVA_010849",37.8152,20.2959,-0.89778,0.0447,"Down",0.201133144475921
"XLOC_016576","LVA_020162",25.0065,13.4516,-0.894529,0.04085,"Down",0.198300283286119
"XLOC_009339","LVA_011056",22.1425,11.9714,-0.887229,0.02205,"Down",0.195467422096317
"XLOC_020111","LVA_024816",6.83824,3.70284,-0.884993,0.0393,"Down",0.192634560906516
"XLOC_010394","LVA_012355",5.91759,3.20441,-0.884952,0.0442,"Down",0.189801699716714
"XLOC_017058","LVA_020777",278.108,150.673,-0.884224,0.0392,"Down",0.186968838526912
"XLOC_019566","LVA_024043",5.29251,9.76697,0.883958,0.04685,"Up",0.18413597733711
"XLOC_000356","LVA_000415",10.2235,5.54344,-0.883031,0.04415,"Down",0.181303116147309
"XLOC_009584","LVA_011351",3.65611,6.72994,0.880285,0.0386,"Up",0.178470254957507
"XLOC_007737","LVA_009149",6.54719,3.56692,-0.876196,0.0258,"Down",0.175637393767705
"XLOC_000232","LVA_000274",7.65806,4.17657,-0.874661,0.0378,"Down",0.172804532577904
"XLOC_002253","LVA_002589",19.0905,10.428,-0.87239,0.04505,"Down",0.169971671388102
"XLOC_010869","LVA_012946",14.9503,8.16648,-0.872386,0.03665,"Down",0.1671388101983
"XLOC_004602","LVA_005353",12.2495,6.69133,-0.872355,0.0341,"Down",0.164305949008499
"XLOC_002860","LVA_003322",45.5859,24.9352,-0.870403,0.02735,"Down",0.161473087818697
"XLOC_021370","LVA_026534",118.289,215.429,0.864898,0.0257,"Up",0.158640226628895
"XLOC_017736","LVA_021670",22.01,40.0199,0.862559,0.04,"Up",0.155807365439093
"XLOC_016540","LVA_020122",472.851,260.125,-0.862181,0.04335,"Down",0.152974504249292
"XLOC_014983","LVA_018162",5.41041,2.97641,-0.862166,0.03485,"Down",0.15014164305949
"XLOC_006637","LVA_007810",7.91651,14.3806,0.861185,0.05005,"Up",0.147308781869688
"XLOC_007422","LVA_008784",3.86022,6.99342,0.857314,0.04725,"Up",0.144475920679887
"XLOC_010534","LVA_012523",14.721,8.14614,-0.853689,0.03135,"Down",0.141643059490085
"XLOC_005122","LVA_005973",34.7517,19.2406,-0.852931,0.0202,"Down",0.138810198300283
"XLOC_014595","LVA_017644",6.82692,3.78812,-0.849755,0.03165,"Down",0.135977337110482
"XLOC_021901","LVA_027326",51.4335,28.5472,-0.849359,0.03235,"Down",0.13314447592068
"XLOC_000534","LVA_000608",4.49608,8.09563,0.848477,0.0464,"Up",0.130311614730878
"XLOC_000869","LVA_001036",11.5591,20.8067,0.848028,0.0347,"Up",0.127478753541076
"XLOC_010604","LVA_012615",21.093,37.8632,0.844031,0.037,"Up",0.124645892351275
"XLOC_017384","LVA_021233",172.604,308.663,0.838566,0.02245,"Up",0.121813031161473
"XLOC_003656","LVA_004261",11.0886,6.20194,-0.838286,0.0473,"Down",0.118980169971671
"XLOC_020379","LVA_025155",9.56473,5.35971,-0.835569,0.03335,"Down",0.11614730878187
"XLOC_009572","LVA_011337",476.613,848.94,0.832845,0.02475,"Up",0.113314447592068
"XLOC_008458","LVA_010007",41.0827,23.0704,-0.832489,0.0292,"Down",0.110481586402266
"XLOC_014331","LVA_017336",6.74631,3.7899,-0.831937,0.04345,"Down",0.107648725212465
"XLOC_006459","LVA_007580",20.9558,11.7985,-0.828742,0.0297,"Down",0.104815864022663
"XLOC_005677","LVA_006654",8.03488,14.2525,0.826863,0.0448,"Up",0.101983002832861
"XLOC_000146","LVA_000146",9.74053,5.50156,-0.824159,0.03545,"Down",0.0991501416430595
"XLOC_004636","LVA_005401",2.37727,1.34306,-0.823782,0.0443,"Down",0.0963172804532578
"XLOC_018964","LVA_023252",224.346,396.894,0.82303,0.03645,"Up",0.0934844192634561
"XLOC_000390","LVA_000451",16.5738,9.38625,-0.820287,0.0469,"Down",0.0906515580736544
"XLOC_004012","LVA_004661",6.29486,3.57613,-0.815777,0.0372,"Down",0.0878186968838527
"XLOC_005577","LVA_006525",5.42132,3.07991,-0.815757,0.03615,"Down",0.084985835694051
"XLOC_019588","LVA_024069",25.9831,14.7706,-0.814847,0.0383,"Down",0.0821529745042493
"XLOC_010265","LVA_012197",13.2165,7.528,-0.812002,0.02825,"Down",0.0793201133144476
"XLOC_020738","LVA_025630",704.057,1234.58,0.810256,0.02835,"Up",0.0764872521246459
"XLOC_010796","LVA_012857",9.00526,5.13632,-0.810031,0.03915,"Down",0.0736543909348442
"XLOC_000956","LVA_001130",178.123,312.013,0.808729,0.0371,"Up",0.0708215297450425
"XLOC_002652","LVA_003093",9.62679,5.49868,-0.80797,0.0474,"Down",0.0679886685552408
"XLOC_002436","LVA_002812",7.14349,4.08303,-0.806988,0.0422,"Down",0.0651558073654391
"XLOC_007648","LVA_009057",47.1851,82.4154,0.804582,0.04125,"Up",0.0623229461756374
"XLOC_013547","LVA_016341",30.0965,52.511,0.803021,0.04285,"Up",0.0594900849858357
"XLOC_020771","LVA_025688",7.4185,4.26314,-0.799211,0.0452,"Down",0.056657223796034
"XLOC_003439","LVA_003997",584.134,1014.84,0.796875,0.03885,"Up",0.0538243626062323
"XLOC_011836","LVA_014179",627.657,1088.46,0.79424,0.0324,"Up",0.0509915014164306
"XLOC_012572","LVA_015118",145.34,250.509,0.785427,0.03455,"Up",0.0481586402266289
"XLOC_015640","LVA_018973",85.6689,147.624,0.785086,0.0383,"Up",0.0453257790368272
"XLOC_015367","LVA_018632",26.3776,15.3391,-0.7821,0.03825,"Down",0.0424929178470255
"XLOC_013505","LVA_016293",146.305,251.541,0.781818,0.04005,"Up",0.0396600566572238
"XLOC_011329","LVA_013517",29.7708,17.3439,-0.779472,0.0454,"Down",0.0368271954674221
"XLOC_018885","LVA_023135",28.2275,16.4668,-0.777542,0.04185,"Down",0.0339943342776204
"XLOC_002208","LVA_002536",22.4745,13.1393,-0.7744,0.0462,"Down",0.0311614730878187
"XLOC_006557","LVA_007707",27.669,47.2734,0.772756,0.0395,"Up",0.028328611898017
"XLOC_013414","LVA_016199",37.5585,64.0168,0.769309,0.0402,"Up",0.0254957507082153
"XLOC_009126","LVA_010803",187.445,319.106,0.767572,0.04195,"Up",0.0226628895184136
"XLOC_010677","LVA_012701",45.646,77.6534,0.766562,0.043,"Up",0.0198300283286119
"XLOC_017288","LVA_021092",7045.93,11919.1,0.758409,0.04265,"Up",0.0169971671388102
"XLOC_006127","LVA_007184",13.2919,22.4705,0.757489,0.04665,"Up",0.0141643059490085
"XLOC_019702","LVA_024230",77.3558,130.339,0.75269,0.0425,"Up",0.0113314447592068
"XLOC_014608","LVA_017663",90.2658,151.231,0.744498,0.0498,"Up",0.0084985835694051
"XLOC_016235","LVA_019734",72.4562,43.9721,-0.72052,0.0477,"Down",0.0056657223796034
"XLOC_002310","LVA_002669",24.1937,14.7024,-0.718581,0.0476,"Down",0.0028328611898017
"XLOC_019937","LVA_024561",49.4343,30.0731,-0.71704,0.0489,"Down",0
